2025-08-21 15:59 - ml4cascades.lammps - INFO - Saved hkl_list.dat to /scratch/phys/t30429_nume-dft-ml/04-Ruoyan/02-Paper2/02-cascade/ml4cascades/ml4cascades/lammps/results/pka/MEAM/400/hkl_list.dat
2025-08-21 15:59 - ml4cascades.lammps - INFO - Saved hkl_list.dat to /scratch/phys/t30429_nume-dft-ml/04-Ruoyan/02-Paper2/02-cascade/ml4cascades/ml4cascades/lammps/results/pka/MEAM/2000/hkl_list.dat
2025-08-21 15:59 - ml4cascades.lammps - INFO - ------------------Relaxation for energy: 400 eV, supercell size: 12 --------------------
2025-08-21 15:59 - ml4cascades.lammps - INFO - ------------------Relaxation for energy: 2000 eV, supercell size: 22 --------------------
2025-08-21 16:29 - ml4cascades.lammps - INFO - Saved hkl_list.dat to /scratch/phys/t30429_nume-dft-ml/04-Ruoyan/02-Paper2/02-cascade/ml4cascades/ml4cascades/lammps/results/pka/MEAM/400/hkl_list.dat
2025-08-21 16:29 - ml4cascades.lammps - INFO - Saved hkl_list.dat to /scratch/phys/t30429_nume-dft-ml/04-Ruoyan/02-Paper2/02-cascade/ml4cascades/ml4cascades/lammps/results/pka/MEAM/2000/hkl_list.dat
2025-08-21 16:29 - ml4cascades.lammps - INFO - ------------------Cascade simulation for energy: 400 eV, supercell size: 12 --------------------
2025-08-21 16:30 - ml4cascades.lammps - INFO - PKA ID: 7558 with Velocities: -96.34, -6.64, -311.35 ang/ps
2025-08-21 16:30 - ml4cascades.lammps - INFO - PKA ID: 8805 with Velocities: -157.01, -99.60, -267.75 ang/ps
2025-08-21 16:30 - ml4cascades.lammps - INFO - PKA ID: 7556 with Velocities: -65.84, -90.57, -306.14 ang/ps
2025-08-21 16:30 - ml4cascades.lammps - INFO - PKA ID: 7653 with Velocities: -97.19, -114.01, -289.51 ang/ps
2025-08-21 16:30 - ml4cascades.lammps - INFO - PKA ID: 7558 with Velocities: -90.50, -9.74, -313.01 ang/ps
2025-08-21 16:30 - ml4cascades.lammps - INFO - PKA ID: 7653 with Velocities: -96.42, -116.28, -288.87 ang/ps
2025-08-21 16:30 - ml4cascades.lammps - INFO - PKA ID: 8706 with Velocities: -153.62, -32.01, -285.72 ang/ps
2025-08-21 16:30 - ml4cascades.lammps - INFO - PKA ID: 7558 with Velocities: -105.03, -47.42, -304.93 ang/ps
2025-08-21 16:30 - ml4cascades.lammps - INFO - PKA ID: 8712 with Velocities: -193.15, -104.31, -240.98 ang/ps
2025-08-21 16:30 - ml4cascades.lammps - INFO - PKA ID: 8712 with Velocities: -175.00, -101.44, -255.63 ang/ps
2025-08-21 16:30 - ml4cascades.lammps - INFO - PKA ID: 8712 with Velocities: -189.43, -97.75, -246.62 ang/ps
2025-08-21 16:30 - ml4cascades.lammps - INFO - PKA ID: 8707 with Velocities: -93.84, -83.36, -300.84 ang/ps
2025-08-21 16:30 - ml4cascades.lammps - INFO - PKA ID: 8711 with Velocities: -178.37, -64.06, -265.22 ang/ps
2025-08-21 16:30 - ml4cascades.lammps - INFO - PKA ID: 8709 with Velocities: -149.60, -18.63, -289.02 ang/ps
2025-08-21 16:30 - ml4cascades.lammps - INFO - PKA ID: 8707 with Velocities: -113.84, -104.77, -286.92 ang/ps
2025-08-21 16:30 - ml4cascades.lammps - INFO - PKA ID: 7653 with Velocities: -99.48, -121.66, -285.59 ang/ps
2025-08-21 16:30 - ml4cascades.lammps - INFO - PKA ID: 8712 with Velocities: -185.61, -71.42, -258.28 ang/ps
2025-08-21 16:30 - ml4cascades.lammps - INFO - PKA ID: 7560 with Velocities: -120.58, -118.69, -278.63 ang/ps
2025-08-21 16:30 - ml4cascades.lammps - INFO - PKA ID: 9953 with Velocities: -200.13, -113.05, -231.15 ang/ps
2025-08-21 16:30 - ml4cascades.lammps - INFO - PKA ID: 8711 with Velocities: -179.00, -63.74, -264.87 ang/ps
2025-08-21 16:30 - ml4cascades.lammps - INFO - PKA ID: 7558 with Velocities: -97.83, -10.43, -310.78 ang/ps
2025-08-21 16:30 - ml4cascades.lammps - INFO - PKA ID: 8708 with Velocities: -153.57, -91.62, -272.55 ang/ps
2025-08-21 16:30 - ml4cascades.lammps - INFO - PKA ID: 8802 with Velocities: -125.66, -165.32, -251.28 ang/ps
2025-08-21 16:30 - ml4cascades.lammps - INFO - PKA ID: 7558 with Velocities: -100.81, -41.35, -307.23 ang/ps
2025-08-21 16:30 - ml4cascades.lammps - INFO - PKA ID: 8712 with Velocities: -190.96, -118.04, -236.36 ang/ps
2025-08-21 16:30 - ml4cascades.lammps - INFO - PKA ID: 8805 with Velocities: -167.52, -118.20, -253.43 ang/ps
2025-08-21 16:30 - ml4cascades.lammps - INFO - PKA ID: 7653 with Velocities: -102.72, -110.93, -288.80 ang/ps
2025-08-21 16:30 - ml4cascades.lammps - INFO - PKA ID: 8707 with Velocities: -135.25, -35.71, -294.44 ang/ps
2025-08-21 16:30 - ml4cascades.lammps - INFO - PKA ID: 8612 with Velocities: -142.53, -2.53, -293.16 ang/ps
2025-08-21 16:30 - ml4cascades.lammps - INFO - PKA ID: 8802 with Velocities: -131.88, -155.78, -254.17 ang/ps
2025-08-21 16:30 - ml4cascades.lammps - INFO - ------------------Cascade simulation for energy: 2000 eV, supercell size: 22 --------------------
2025-08-21 16:30 - ml4cascades.lammps - INFO - PKA ID: 52429 with Velocities: -215.41, -14.85, -696.19 ang/ps
2025-08-21 16:30 - ml4cascades.lammps - INFO - PKA ID: 60514 with Velocities: -351.09, -222.71, -598.70 ang/ps
2025-08-21 16:30 - ml4cascades.lammps - INFO - PKA ID: 48911 with Velocities: -147.22, -202.53, -684.55 ang/ps
2025-08-21 16:30 - ml4cascades.lammps - INFO - PKA ID: 52949 with Velocities: -217.33, -254.93, -647.37 ang/ps
2025-08-21 16:30 - ml4cascades.lammps - INFO - PKA ID: 52426 with Velocities: -202.36, -21.78, -699.92 ang/ps
2025-08-21 16:30 - ml4cascades.lammps - INFO - PKA ID: 52949 with Velocities: -215.61, -260.01, -645.92 ang/ps
2025-08-21 16:30 - ml4cascades.lammps - INFO - PKA ID: 60163 with Velocities: -343.50, -71.57, -638.90 ang/ps
2025-08-21 16:30 - ml4cascades.lammps - INFO - PKA ID: 56473 with Velocities: -234.85, -106.04, -681.84 ang/ps
2025-08-21 16:31 - ml4cascades.lammps - INFO - PKA ID: 64379 with Velocities: -431.90, -233.25, -538.86 ang/ps
2025-08-21 16:31 - ml4cascades.lammps - INFO - PKA ID: 60519 with Velocities: -391.31, -226.82, -571.61 ang/ps
2025-08-21 16:31 - ml4cascades.lammps - INFO - PKA ID: 64379 with Velocities: -423.57, -218.58, -551.47 ang/ps
2025-08-21 16:31 - ml4cascades.lammps - INFO - PKA ID: 52778 with Velocities: -209.84, -186.41, -672.70 ang/ps
2025-08-21 16:31 - ml4cascades.lammps - INFO - PKA ID: 60343 with Velocities: -398.84, -143.25, -593.06 ang/ps
2025-08-21 16:31 - ml4cascades.lammps - INFO - PKA ID: 56294 with Velocities: -334.52, -41.66, -646.27 ang/ps
2025-08-21 16:31 - ml4cascades.lammps - INFO - PKA ID: 56643 with Velocities: -254.56, -234.27, -641.58 ang/ps
2025-08-21 16:31 - ml4cascades.lammps - INFO - PKA ID: 52949 with Velocities: -222.45, -272.05, -638.60 ang/ps
2025-08-21 16:31 - ml4cascades.lammps - INFO - PKA ID: 64385 with Velocities: -415.04, -159.69, -577.53 ang/ps
2025-08-21 16:31 - ml4cascades.lammps - INFO - PKA ID: 56818 with Velocities: -269.62, -265.41, -623.03 ang/ps
2025-08-21 16:31 - ml4cascades.lammps - INFO - PKA ID: 64553 with Velocities: -447.50, -252.79, -516.87 ang/ps
2025-08-21 16:31 - ml4cascades.lammps - INFO - PKA ID: 60343 with Velocities: -400.26, -142.54, -592.27 ang/ps
2025-08-21 16:31 - ml4cascades.lammps - INFO - PKA ID: 52426 with Velocities: -218.75, -23.32, -694.92 ang/ps
2025-08-21 16:31 - ml4cascades.lammps - INFO - PKA ID: 60514 with Velocities: -343.38, -204.88, -609.44 ang/ps
2025-08-21 16:32 - ml4cascades.lammps - INFO - PKA ID: 56987 with Velocities: -280.98, -369.66, -561.88 ang/ps
2025-08-21 16:32 - ml4cascades.lammps - INFO - PKA ID: 52432 with Velocities: -225.43, -92.46, -686.98 ang/ps
2025-08-21 16:32 - ml4cascades.lammps - INFO - PKA ID: 64553 with Velocities: -426.99, -263.94, -528.51 ang/ps
2025-08-21 16:32 - ml4cascades.lammps - INFO - PKA ID: 60685 with Velocities: -374.58, -264.31, -566.69 ang/ps
2025-08-21 16:32 - ml4cascades.lammps - INFO - PKA ID: 52949 with Velocities: -229.69, -248.06, -645.77 ang/ps
2025-08-21 16:32 - ml4cascades.lammps - INFO - PKA ID: 56292 with Velocities: -302.42, -79.85, -658.39 ang/ps
2025-08-21 16:32 - ml4cascades.lammps - INFO - PKA ID: 56294 with Velocities: -318.71, -5.65, -655.52 ang/ps
2025-08-21 16:32 - ml4cascades.lammps - INFO - PKA ID: 56989 with Velocities: -294.89, -348.34, -568.34 ang/ps
2025-08-21 21:03 - ml4cascades.lammps - INFO - Saved hkl_list.dat to /scratch/phys/t30429_nume-dft-ml/04-Ruoyan/02-Paper2/02-cascade/ml4cascades/ml4cascades/lammps/results/pka/MEAM/400/hkl_list.dat
2025-08-21 21:03 - ml4cascades.lammps - INFO - Saved hkl_list.dat to /scratch/phys/t30429_nume-dft-ml/04-Ruoyan/02-Paper2/02-cascade/ml4cascades/ml4cascades/lammps/results/pka/MEAM/2000/hkl_list.dat
2025-08-21 21:03 - ml4cascades.lammps - INFO - --------------------------------------Check supercell size ----------------------------------------
2025-08-21 21:03 - ml4cascades.lammps - INFO - Energy: 400 eV, Failed cases: 0 for energy 400 eV with size 12.
2025-08-21 21:03 - ml4cascades.lammps - WARNING - Simulation run less than 30 ps for energy 2000 eV, hkl: 7. Final time: 0.167277253153349 ps.
2025-08-21 21:03 - ml4cascades.lammps - WARNING - Simulation run less than 30 ps for energy 2000 eV, hkl: 16. Final time: 0.251505596719987 ps.
2025-08-21 21:03 - ml4cascades.lammps - INFO - Energy: 2000 eV, Failed cases: 2 for energy 2000 eV with size 22.
2025-08-21 21:04 - ml4cascades.lammps - INFO - Saved hkl_list.dat to /scratch/phys/t30429_nume-dft-ml/04-Ruoyan/02-Paper2/02-cascade/ml4cascades/ml4cascades/lammps/results/pka/MEAM/400/hkl_list.dat
2025-08-21 21:04 - ml4cascades.lammps - INFO - Saved hkl_list.dat to /scratch/phys/t30429_nume-dft-ml/04-Ruoyan/02-Paper2/02-cascade/ml4cascades/ml4cascades/lammps/results/pka/MEAM/2000/hkl_list.dat
2025-08-21 21:04 - ml4cascades.lammps - INFO - --------------------------------------Post-processing simulations ----------------------------------------
2025-08-21 21:04 - ml4cascades.lammps - INFO - ---------------------------------------------------
2025-08-21 21:04 - ml4cascades.lammps - INFO - Post-processing for energy: 400 eV
2025-08-21 21:05 - ml4cascades.lammps - INFO - index 0: hkl [0.29552945 0.02037054 0.95511643] 
2025-08-21 21:05 - ml4cascades.lammps - INFO - Vacancies: 3, Interstitials: 3
2025-08-21 21:05 - ml4cascades.lammps - INFO - Vacancy Clusters: Counter({2: 1, 1: 1})
2025-08-21 21:05 - ml4cascades.lammps - INFO - Total dislocation line length: 0.0, Dislocation density: 0.0
2025-08-21 21:05 - ml4cascades.lammps - INFO - Number of dislocation lines: 0
2025-08-21 21:05 - ml4cascades.lammps - INFO - Interstitial Clusters: Counter({1: 3})
2025-08-21 21:05 - ml4cascades.lammps - INFO - Total dislocation line length: 0.0, Dislocation density: 0.0
2025-08-21 21:05 - ml4cascades.lammps - INFO - Number of dislocation lines: 0
2025-08-21 21:05 - ml4cascades.lammps - INFO - index 1: hkl [0.48167057 0.30553306 0.82136655] 
2025-08-21 21:05 - ml4cascades.lammps - INFO - Vacancies: 7, Interstitials: 7
2025-08-21 21:05 - ml4cascades.lammps - INFO - Vacancy Clusters: Counter({7: 1})
2025-08-21 21:05 - ml4cascades.lammps - INFO - Total dislocation line length: 0.0, Dislocation density: 0.0
2025-08-21 21:05 - ml4cascades.lammps - INFO - Number of dislocation lines: 0
2025-08-21 21:05 - ml4cascades.lammps - INFO - Interstitial Clusters: Counter({6: 1, 1: 1})
2025-08-21 21:05 - ml4cascades.lammps - INFO - Total dislocation line length: 0.0, Dislocation density: 0.0
2025-08-21 21:05 - ml4cascades.lammps - INFO - Number of dislocation lines: 0
2025-08-21 21:06 - ml4cascades.lammps - INFO - index 2: hkl [0.20197498 0.27785259 0.9391507 ] 
2025-08-21 21:06 - ml4cascades.lammps - INFO - Vacancies: 7, Interstitials: 7
2025-08-21 21:06 - ml4cascades.lammps - INFO - Vacancy Clusters: Counter({6: 1, 1: 1})
2025-08-21 21:06 - ml4cascades.lammps - INFO - Total dislocation line length: 0.0, Dislocation density: 0.0
2025-08-21 21:06 - ml4cascades.lammps - INFO - Number of dislocation lines: 0
2025-08-21 21:06 - ml4cascades.lammps - INFO - Interstitial Clusters: Counter({3: 2, 1: 1})
2025-08-21 21:06 - ml4cascades.lammps - INFO - Total dislocation line length: 0.0, Dislocation density: 0.0
2025-08-21 21:06 - ml4cascades.lammps - INFO - Number of dislocation lines: 0
2025-08-21 21:07 - ml4cascades.lammps - INFO - index 3: hkl [0.29815221 0.34974124 0.88813643] 
2025-08-21 21:07 - ml4cascades.lammps - INFO - Vacancies: 5, Interstitials: 5
2025-08-21 21:07 - ml4cascades.lammps - INFO - Vacancy Clusters: Counter({3: 1, 2: 1})
2025-08-21 21:07 - ml4cascades.lammps - INFO - Total dislocation line length: 0.0, Dislocation density: 0.0
2025-08-21 21:07 - ml4cascades.lammps - INFO - Number of dislocation lines: 0
2025-08-21 21:07 - ml4cascades.lammps - INFO - Interstitial Clusters: Counter({1: 3, 2: 1})
2025-08-21 21:07 - ml4cascades.lammps - INFO - Total dislocation line length: 0.0, Dislocation density: 0.0
2025-08-21 21:07 - ml4cascades.lammps - INFO - Number of dislocation lines: 0
2025-08-21 21:07 - ml4cascades.lammps - INFO - index 4: hkl [0.27762207 0.02988676 0.96022537] 
2025-08-21 21:07 - ml4cascades.lammps - INFO - Vacancies: 5, Interstitials: 5
2025-08-21 21:07 - ml4cascades.lammps - INFO - Vacancy Clusters: Counter({1: 2, 3: 1})
2025-08-21 21:07 - ml4cascades.lammps - INFO - Total dislocation line length: 0.0, Dislocation density: 0.0
2025-08-21 21:07 - ml4cascades.lammps - INFO - Number of dislocation lines: 0
2025-08-21 21:07 - ml4cascades.lammps - INFO - Interstitial Clusters: Counter({1: 5})
2025-08-21 21:07 - ml4cascades.lammps - INFO - Total dislocation line length: 0.0, Dislocation density: 0.0
2025-08-21 21:07 - ml4cascades.lammps - INFO - Number of dislocation lines: 0
2025-08-21 21:08 - ml4cascades.lammps - INFO - index 5: hkl [0.29579411 0.3567087  0.88615165] 
2025-08-21 21:08 - ml4cascades.lammps - INFO - Vacancies: 4, Interstitials: 4
2025-08-21 21:08 - ml4cascades.lammps - INFO - Vacancy Clusters: Counter({4: 1})
2025-08-21 21:08 - ml4cascades.lammps - INFO - Total dislocation line length: 0.0, Dislocation density: 0.0
2025-08-21 21:08 - ml4cascades.lammps - INFO - Number of dislocation lines: 0
2025-08-21 21:08 - ml4cascades.lammps - INFO - Interstitial Clusters: Counter({1: 4})
2025-08-21 21:08 - ml4cascades.lammps - INFO - Total dislocation line length: 0.0, Dislocation density: 0.0
2025-08-21 21:08 - ml4cascades.lammps - INFO - Number of dislocation lines: 0
2025-08-21 21:09 - ml4cascades.lammps - INFO - index 6: hkl [0.47125234 0.09818456 0.87651641] 
2025-08-21 21:09 - ml4cascades.lammps - INFO - Vacancies: 4, Interstitials: 4
2025-08-21 21:09 - ml4cascades.lammps - INFO - Vacancy Clusters: Counter({1: 2, 2: 1})
2025-08-21 21:09 - ml4cascades.lammps - INFO - Total dislocation line length: 0.0, Dislocation density: 0.0
2025-08-21 21:09 - ml4cascades.lammps - INFO - Number of dislocation lines: 0
2025-08-21 21:09 - ml4cascades.lammps - INFO - Interstitial Clusters: Counter({1: 4})
2025-08-21 21:09 - ml4cascades.lammps - INFO - Total dislocation line length: 0.0, Dislocation density: 0.0
2025-08-21 21:09 - ml4cascades.lammps - INFO - Number of dislocation lines: 0
2025-08-21 21:10 - ml4cascades.lammps - INFO - index 7: hkl [0.32218753 0.14548076 0.93543067] 
2025-08-21 21:10 - ml4cascades.lammps - INFO - Vacancies: 5, Interstitials: 5
2025-08-21 21:10 - ml4cascades.lammps - INFO - Vacancy Clusters: Counter({2: 2, 1: 1})
2025-08-21 21:10 - ml4cascades.lammps - INFO - Total dislocation line length: 0.0, Dislocation density: 0.0
2025-08-21 21:10 - ml4cascades.lammps - INFO - Number of dislocation lines: 0
2025-08-21 21:10 - ml4cascades.lammps - INFO - Interstitial Clusters: Counter({1: 5})
2025-08-21 21:10 - ml4cascades.lammps - INFO - Total dislocation line length: 0.0, Dislocation density: 0.0
2025-08-21 21:10 - ml4cascades.lammps - INFO - Number of dislocation lines: 0
2025-08-21 21:10 - ml4cascades.lammps - INFO - index 8: hkl [0.59252605 0.32000014 0.73926504] 
2025-08-21 21:10 - ml4cascades.lammps - INFO - Vacancies: 10, Interstitials: 10
2025-08-21 21:10 - ml4cascades.lammps - INFO - Vacancy Clusters: Counter({10: 1})
2025-08-21 21:10 - ml4cascades.lammps - INFO - Total dislocation line length: 0.0, Dislocation density: 0.0
2025-08-21 21:10 - ml4cascades.lammps - INFO - Number of dislocation lines: 0
2025-08-21 21:10 - ml4cascades.lammps - INFO - Interstitial Clusters: Counter({1: 3, 5: 1, 2: 1})
2025-08-21 21:10 - ml4cascades.lammps - INFO - Total dislocation line length: 0.0, Dislocation density: 0.0
2025-08-21 21:10 - ml4cascades.lammps - INFO - Number of dislocation lines: 0
2025-08-21 21:11 - ml4cascades.lammps - INFO - index 9: hkl [0.53684756 0.31117385 0.78419738] 
2025-08-21 21:11 - ml4cascades.lammps - INFO - Vacancies: 5, Interstitials: 5
2025-08-21 21:11 - ml4cascades.lammps - INFO - Vacancy Clusters: Counter({4: 1, 1: 1})
2025-08-21 21:11 - ml4cascades.lammps - INFO - Total dislocation line length: 0.0, Dislocation density: 0.0
2025-08-21 21:11 - ml4cascades.lammps - INFO - Number of dislocation lines: 0
2025-08-21 21:11 - ml4cascades.lammps - INFO - Interstitial Clusters: Counter({2: 2, 1: 1})
2025-08-21 21:11 - ml4cascades.lammps - INFO - Total dislocation line length: 0.0, Dislocation density: 0.0
2025-08-21 21:11 - ml4cascades.lammps - INFO - Number of dislocation lines: 0
2025-08-21 21:12 - ml4cascades.lammps - INFO - index 10: hkl [0.58110627 0.29987122 0.75656643] 
2025-08-21 21:12 - ml4cascades.lammps - INFO - Vacancies: 8, Interstitials: 8
2025-08-21 21:12 - ml4cascades.lammps - INFO - Vacancy Clusters: Counter({8: 1})
2025-08-21 21:12 - ml4cascades.lammps - INFO - Total dislocation line length: 0.0, Dislocation density: 0.0
2025-08-21 21:12 - ml4cascades.lammps - INFO - Number of dislocation lines: 0
2025-08-21 21:12 - ml4cascades.lammps - INFO - Interstitial Clusters: Counter({1: 2, 6: 1})
2025-08-21 21:12 - ml4cascades.lammps - INFO - Total dislocation line length: 0.0, Dislocation density: 0.0
2025-08-21 21:12 - ml4cascades.lammps - INFO - Number of dislocation lines: 0
2025-08-21 21:12 - ml4cascades.lammps - INFO - index 11: hkl [0.28788124 0.25573723 0.92288832] 
2025-08-21 21:12 - ml4cascades.lammps - INFO - Vacancies: 6, Interstitials: 6
2025-08-21 21:12 - ml4cascades.lammps - INFO - Vacancy Clusters: Counter({1: 2, 4: 1})
2025-08-21 21:12 - ml4cascades.lammps - INFO - Total dislocation line length: 0.0, Dislocation density: 0.0
2025-08-21 21:12 - ml4cascades.lammps - INFO - Number of dislocation lines: 0
2025-08-21 21:12 - ml4cascades.lammps - INFO - Interstitial Clusters: Counter({1: 4, 2: 1})
2025-08-21 21:12 - ml4cascades.lammps - INFO - Total dislocation line length: 0.0, Dislocation density: 0.0
2025-08-21 21:12 - ml4cascades.lammps - INFO - Number of dislocation lines: 0
2025-08-21 21:13 - ml4cascades.lammps - INFO - index 12: hkl [0.54716973 0.19652771 0.81362285] 
2025-08-21 21:13 - ml4cascades.lammps - INFO - Vacancies: 4, Interstitials: 4
2025-08-21 21:13 - ml4cascades.lammps - INFO - Vacancy Clusters: Counter({3: 1, 1: 1})
2025-08-21 21:13 - ml4cascades.lammps - INFO - Total dislocation line length: 0.0, Dislocation density: 0.0
2025-08-21 21:13 - ml4cascades.lammps - INFO - Number of dislocation lines: 0
2025-08-21 21:13 - ml4cascades.lammps - INFO - Interstitial Clusters: Counter({1: 2, 2: 1})
2025-08-21 21:13 - ml4cascades.lammps - INFO - Total dislocation line length: 0.0, Dislocation density: 0.0
2025-08-21 21:13 - ml4cascades.lammps - INFO - Number of dislocation lines: 0
2025-08-21 21:14 - ml4cascades.lammps - INFO - index 13: hkl [0.4589356  0.05714766 0.88662972] 
2025-08-21 21:14 - ml4cascades.lammps - INFO - Vacancies: 4, Interstitials: 4
2025-08-21 21:14 - ml4cascades.lammps - INFO - Vacancy Clusters: Counter({1: 2, 2: 1})
2025-08-21 21:14 - ml4cascades.lammps - INFO - Total dislocation line length: 0.0, Dislocation density: 0.0
2025-08-21 21:14 - ml4cascades.lammps - INFO - Number of dislocation lines: 0
2025-08-21 21:14 - ml4cascades.lammps - INFO - Interstitial Clusters: Counter({1: 4})
2025-08-21 21:14 - ml4cascades.lammps - INFO - Total dislocation line length: 0.0, Dislocation density: 0.0
2025-08-21 21:14 - ml4cascades.lammps - INFO - Number of dislocation lines: 0
2025-08-21 21:15 - ml4cascades.lammps - INFO - index 14: hkl [0.34923203 0.32139822 0.88019326] 
2025-08-21 21:15 - ml4cascades.lammps - INFO - Vacancies: 5, Interstitials: 5
2025-08-21 21:15 - ml4cascades.lammps - INFO - Vacancy Clusters: Counter({3: 1, 2: 1})
2025-08-21 21:15 - ml4cascades.lammps - INFO - Total dislocation line length: 0.0, Dislocation density: 0.0
2025-08-21 21:15 - ml4cascades.lammps - INFO - Number of dislocation lines: 0
2025-08-21 21:15 - ml4cascades.lammps - INFO - Interstitial Clusters: Counter({1: 5})
2025-08-21 21:15 - ml4cascades.lammps - INFO - Total dislocation line length: 0.0, Dislocation density: 0.0
2025-08-21 21:15 - ml4cascades.lammps - INFO - Number of dislocation lines: 0
2025-08-21 21:15 - ml4cascades.lammps - INFO - index 15: hkl [0.30518669 0.37323005 0.87610525] 
2025-08-21 21:15 - ml4cascades.lammps - INFO - Vacancies: 7, Interstitials: 7
2025-08-21 21:15 - ml4cascades.lammps - INFO - Vacancy Clusters: Counter({1: 2, 5: 1})
2025-08-21 21:15 - ml4cascades.lammps - INFO - Total dislocation line length: 0.0, Dislocation density: 0.0
2025-08-21 21:15 - ml4cascades.lammps - INFO - Number of dislocation lines: 0
2025-08-21 21:15 - ml4cascades.lammps - INFO - Interstitial Clusters: Counter({1: 2, 3: 1, 2: 1})
2025-08-21 21:15 - ml4cascades.lammps - INFO - Total dislocation line length: 0.0, Dislocation density: 0.0
2025-08-21 21:15 - ml4cascades.lammps - INFO - Number of dislocation lines: 0
2025-08-21 21:16 - ml4cascades.lammps - INFO - index 16: hkl [0.56940187 0.21908347 0.79232818] 
2025-08-21 21:16 - ml4cascades.lammps - INFO - Vacancies: 5, Interstitials: 5
2025-08-21 21:16 - ml4cascades.lammps - INFO - Vacancy Clusters: Counter({3: 1, 2: 1})
2025-08-21 21:16 - ml4cascades.lammps - INFO - Total dislocation line length: 0.0, Dislocation density: 0.0
2025-08-21 21:16 - ml4cascades.lammps - INFO - Number of dislocation lines: 0
2025-08-21 21:16 - ml4cascades.lammps - INFO - Interstitial Clusters: Counter({1: 5})
2025-08-21 21:16 - ml4cascades.lammps - INFO - Total dislocation line length: 0.0, Dislocation density: 0.0
2025-08-21 21:16 - ml4cascades.lammps - INFO - Number of dislocation lines: 0
2025-08-21 21:17 - ml4cascades.lammps - INFO - index 17: hkl [0.36989954 0.36411423 0.8547486 ] 
2025-08-21 21:17 - ml4cascades.lammps - INFO - Vacancies: 4, Interstitials: 4
2025-08-21 21:17 - ml4cascades.lammps - INFO - Vacancy Clusters: Counter({3: 1, 1: 1})
2025-08-21 21:17 - ml4cascades.lammps - INFO - Total dislocation line length: 0.0, Dislocation density: 0.0
2025-08-21 21:17 - ml4cascades.lammps - INFO - Number of dislocation lines: 0
2025-08-21 21:17 - ml4cascades.lammps - INFO - Interstitial Clusters: Counter({1: 4})
2025-08-21 21:17 - ml4cascades.lammps - INFO - Total dislocation line length: 0.0, Dislocation density: 0.0
2025-08-21 21:17 - ml4cascades.lammps - INFO - Number of dislocation lines: 0
2025-08-21 21:17 - ml4cascades.lammps - INFO - index 18: hkl [0.6139283  0.34680314 0.70909775] 
2025-08-21 21:17 - ml4cascades.lammps - INFO - Vacancies: 4, Interstitials: 4
2025-08-21 21:17 - ml4cascades.lammps - INFO - Vacancy Clusters: Counter({1: 4})
2025-08-21 21:17 - ml4cascades.lammps - INFO - Total dislocation line length: 0.0, Dislocation density: 0.0
2025-08-21 21:17 - ml4cascades.lammps - INFO - Number of dislocation lines: 0
2025-08-21 21:17 - ml4cascades.lammps - INFO - Interstitial Clusters: Counter({1: 4})
2025-08-21 21:17 - ml4cascades.lammps - INFO - Total dislocation line length: 0.0, Dislocation density: 0.0
2025-08-21 21:17 - ml4cascades.lammps - INFO - Number of dislocation lines: 0
2025-08-21 21:18 - ml4cascades.lammps - INFO - index 19: hkl [0.54912575 0.19554725 0.81254057] 
2025-08-21 21:18 - ml4cascades.lammps - INFO - Vacancies: 5, Interstitials: 5
2025-08-21 21:18 - ml4cascades.lammps - INFO - Vacancy Clusters: Counter({3: 1, 2: 1})
2025-08-21 21:18 - ml4cascades.lammps - INFO - Total dislocation line length: 0.0, Dislocation density: 0.0
2025-08-21 21:18 - ml4cascades.lammps - INFO - Number of dislocation lines: 0
2025-08-21 21:18 - ml4cascades.lammps - INFO - Interstitial Clusters: Counter({1: 5})
2025-08-21 21:18 - ml4cascades.lammps - INFO - Total dislocation line length: 0.0, Dislocation density: 0.0
2025-08-21 21:18 - ml4cascades.lammps - INFO - Number of dislocation lines: 0
2025-08-21 21:19 - ml4cascades.lammps - INFO - index 20: hkl [0.30011285 0.03199562 0.95336696] 
2025-08-21 21:19 - ml4cascades.lammps - INFO - Vacancies: 7, Interstitials: 7
2025-08-21 21:19 - ml4cascades.lammps - INFO - Vacancy Clusters: Counter({7: 1})
2025-08-21 21:19 - ml4cascades.lammps - INFO - Total dislocation line length: 0.0, Dislocation density: 0.0
2025-08-21 21:19 - ml4cascades.lammps - INFO - Number of dislocation lines: 0
2025-08-21 21:19 - ml4cascades.lammps - INFO - Interstitial Clusters: Counter({1: 3, 2: 2})
2025-08-21 21:19 - ml4cascades.lammps - INFO - Total dislocation line length: 0.0, Dislocation density: 0.0
2025-08-21 21:19 - ml4cascades.lammps - INFO - Number of dislocation lines: 0
2025-08-21 21:20 - ml4cascades.lammps - INFO - index 21: hkl [0.47109182 0.28107537 0.83610354] 
2025-08-21 21:20 - ml4cascades.lammps - INFO - Vacancies: 5, Interstitials: 5
2025-08-21 21:20 - ml4cascades.lammps - INFO - Vacancy Clusters: Counter({4: 1, 1: 1})
2025-08-21 21:20 - ml4cascades.lammps - INFO - Total dislocation line length: 0.0, Dislocation density: 0.0
2025-08-21 21:20 - ml4cascades.lammps - INFO - Number of dislocation lines: 0
2025-08-21 21:20 - ml4cascades.lammps - INFO - Interstitial Clusters: Counter({1: 2, 3: 1})
2025-08-21 21:20 - ml4cascades.lammps - INFO - Total dislocation line length: 0.0, Dislocation density: 0.0
2025-08-21 21:20 - ml4cascades.lammps - INFO - Number of dislocation lines: 0
2025-08-21 21:20 - ml4cascades.lammps - INFO - index 22: hkl [0.38548268 0.50714355 0.77084923] 
2025-08-21 21:20 - ml4cascades.lammps - INFO - Vacancies: 7, Interstitials: 7
2025-08-21 21:20 - ml4cascades.lammps - INFO - Vacancy Clusters: Counter({7: 1})
2025-08-21 21:20 - ml4cascades.lammps - INFO - Total dislocation line length: 0.0, Dislocation density: 0.0
2025-08-21 21:20 - ml4cascades.lammps - INFO - Number of dislocation lines: 0
2025-08-21 21:20 - ml4cascades.lammps - INFO - Interstitial Clusters: Counter({1: 5, 2: 1})
2025-08-21 21:20 - ml4cascades.lammps - INFO - Total dislocation line length: 0.0, Dislocation density: 0.0
2025-08-21 21:20 - ml4cascades.lammps - INFO - Number of dislocation lines: 0
2025-08-21 21:21 - ml4cascades.lammps - INFO - index 23: hkl [0.30926768 0.12684511 0.94247749] 
2025-08-21 21:21 - ml4cascades.lammps - INFO - Vacancies: 6, Interstitials: 6
2025-08-21 21:21 - ml4cascades.lammps - INFO - Vacancy Clusters: Counter({2: 3})
2025-08-21 21:21 - ml4cascades.lammps - INFO - Total dislocation line length: 0.0, Dislocation density: 0.0
2025-08-21 21:21 - ml4cascades.lammps - INFO - Number of dislocation lines: 0
2025-08-21 21:21 - ml4cascades.lammps - INFO - Interstitial Clusters: Counter({1: 4, 2: 1})
2025-08-21 21:21 - ml4cascades.lammps - INFO - Total dislocation line length: 0.0, Dislocation density: 0.0
2025-08-21 21:21 - ml4cascades.lammps - INFO - Number of dislocation lines: 0
2025-08-21 21:22 - ml4cascades.lammps - INFO - index 24: hkl [0.58579777 0.36209835 0.72506948] 
2025-08-21 21:22 - ml4cascades.lammps - INFO - Vacancies: 7, Interstitials: 7
2025-08-21 21:22 - ml4cascades.lammps - INFO - Vacancy Clusters: Counter({7: 1})
2025-08-21 21:22 - ml4cascades.lammps - INFO - Total dislocation line length: 0.0, Dislocation density: 0.0
2025-08-21 21:22 - ml4cascades.lammps - INFO - Number of dislocation lines: 0
2025-08-21 21:22 - ml4cascades.lammps - INFO - Interstitial Clusters: Counter({1: 5, 2: 1})
2025-08-21 21:22 - ml4cascades.lammps - INFO - Total dislocation line length: 0.0, Dislocation density: 0.0
2025-08-21 21:22 - ml4cascades.lammps - INFO - Number of dislocation lines: 0
2025-08-21 21:23 - ml4cascades.lammps - INFO - index 25: hkl [0.51388914 0.36261566 0.77744958] 
2025-08-21 21:23 - ml4cascades.lammps - INFO - Vacancies: 7, Interstitials: 7
2025-08-21 21:23 - ml4cascades.lammps - INFO - Vacancy Clusters: Counter({1: 2, 3: 1, 2: 1})
2025-08-21 21:23 - ml4cascades.lammps - INFO - Total dislocation line length: 0.0, Dislocation density: 0.0
2025-08-21 21:23 - ml4cascades.lammps - INFO - Number of dislocation lines: 0
2025-08-21 21:23 - ml4cascades.lammps - INFO - Interstitial Clusters: Counter({1: 7})
2025-08-21 21:23 - ml4cascades.lammps - INFO - Total dislocation line length: 0.0, Dislocation density: 0.0
2025-08-21 21:23 - ml4cascades.lammps - INFO - Number of dislocation lines: 0
2025-08-21 21:23 - ml4cascades.lammps - INFO - index 26: hkl [0.31512092 0.34031413 0.88593741] 
2025-08-21 21:23 - ml4cascades.lammps - INFO - Vacancies: 5, Interstitials: 5
2025-08-21 21:23 - ml4cascades.lammps - INFO - Vacancy Clusters: Counter({5: 1})
2025-08-21 21:23 - ml4cascades.lammps - INFO - Total dislocation line length: 0.0, Dislocation density: 0.0
2025-08-21 21:23 - ml4cascades.lammps - INFO - Number of dislocation lines: 0
2025-08-21 21:23 - ml4cascades.lammps - INFO - Interstitial Clusters: Counter({2: 2, 1: 1})
2025-08-21 21:23 - ml4cascades.lammps - INFO - Total dislocation line length: 0.0, Dislocation density: 0.0
2025-08-21 21:23 - ml4cascades.lammps - INFO - Number of dislocation lines: 0
2025-08-21 21:24 - ml4cascades.lammps - INFO - index 27: hkl [0.41489987 0.1095436  0.90324874] 
2025-08-21 21:24 - ml4cascades.lammps - INFO - Vacancies: 5, Interstitials: 5
2025-08-21 21:24 - ml4cascades.lammps - INFO - Vacancy Clusters: Counter({1: 2, 3: 1})
2025-08-21 21:24 - ml4cascades.lammps - INFO - Total dislocation line length: 0.0, Dislocation density: 0.0
2025-08-21 21:24 - ml4cascades.lammps - INFO - Number of dislocation lines: 0
2025-08-21 21:24 - ml4cascades.lammps - INFO - Interstitial Clusters: Counter({1: 5})
2025-08-21 21:24 - ml4cascades.lammps - INFO - Total dislocation line length: 0.0, Dislocation density: 0.0
2025-08-21 21:24 - ml4cascades.lammps - INFO - Number of dislocation lines: 0
2025-08-21 21:25 - ml4cascades.lammps - INFO - index 28: hkl [0.43723834 0.00775167 0.89931226] 
2025-08-21 21:25 - ml4cascades.lammps - INFO - Vacancies: 5, Interstitials: 5
2025-08-21 21:25 - ml4cascades.lammps - INFO - Vacancy Clusters: Counter({2: 2, 1: 1})
2025-08-21 21:25 - ml4cascades.lammps - INFO - Total dislocation line length: 0.0, Dislocation density: 0.0
2025-08-21 21:25 - ml4cascades.lammps - INFO - Number of dislocation lines: 0
2025-08-21 21:25 - ml4cascades.lammps - INFO - Interstitial Clusters: Counter({1: 3, 2: 1})
2025-08-21 21:25 - ml4cascades.lammps - INFO - Total dislocation line length: 0.0, Dislocation density: 0.0
2025-08-21 21:25 - ml4cascades.lammps - INFO - Number of dislocation lines: 0
2025-08-21 21:26 - ml4cascades.lammps - INFO - index 29: hkl [0.40456621 0.47788918 0.77971027] 
2025-08-21 21:26 - ml4cascades.lammps - INFO - Vacancies: 5, Interstitials: 5
2025-08-21 21:26 - ml4cascades.lammps - INFO - Vacancy Clusters: Counter({5: 1})
2025-08-21 21:26 - ml4cascades.lammps - INFO - Total dislocation line length: 0.0, Dislocation density: 0.0
2025-08-21 21:26 - ml4cascades.lammps - INFO - Number of dislocation lines: 0
2025-08-21 21:26 - ml4cascades.lammps - INFO - Interstitial Clusters: Counter({1: 5})
2025-08-21 21:26 - ml4cascades.lammps - INFO - Total dislocation line length: 0.0, Dislocation density: 0.0
2025-08-21 21:26 - ml4cascades.lammps - INFO - Number of dislocation lines: 0
2025-08-21 21:26 - ml4cascades.lammps - INFO - correct cluster count: 30 for energy 400 eV
2025-08-21 21:26 - ml4cascades.lammps - INFO - Energy: 400 eV, number of vac clusters by size: [41, 7, 5, 11]
2025-08-21 21:26 - ml4cascades.lammps - INFO - Energy: 400 eV, number of inter clusters by size: [122, 1, 0, 6]
2025-08-21 21:26 - ml4cascades.lammps - INFO - ---------------------------------------------------
2025-08-21 21:26 - ml4cascades.lammps - INFO - Post-processing for energy: 2000 eV
2025-08-21 21:30 - ml4cascades.lammps - INFO - index 0: hkl [0.29552945 0.02037054 0.95511643] 
2025-08-21 21:30 - ml4cascades.lammps - INFO - Vacancies: 37, Interstitials: 37
2025-08-21 21:30 - ml4cascades.lammps - INFO - Vacancy Clusters: Counter({24: 1, 8: 1, 4: 1, 1: 1})
2025-08-21 21:30 - ml4cascades.lammps - INFO - Total dislocation line length: 0.0, Dislocation density: 0.0
2025-08-21 21:30 - ml4cascades.lammps - INFO - Number of dislocation lines: 0
2025-08-21 21:30 - ml4cascades.lammps - INFO - Interstitial Clusters: Counter({1: 6, 18: 1, 6: 1, 4: 1, 3: 1})
2025-08-21 21:30 - ml4cascades.lammps - INFO - Total dislocation line length: 0.0, Dislocation density: 0.0
2025-08-21 21:30 - ml4cascades.lammps - INFO - Number of dislocation lines: 0
2025-08-21 21:35 - ml4cascades.lammps - INFO - index 1: hkl [0.48167057 0.30553306 0.82136655] 
2025-08-21 21:35 - ml4cascades.lammps - INFO - Vacancies: 26, Interstitials: 26
2025-08-21 21:35 - ml4cascades.lammps - INFO - Vacancy Clusters: Counter({1: 2, 8: 1, 6: 1, 5: 1, 3: 1, 2: 1})
2025-08-21 21:35 - ml4cascades.lammps - INFO - Total dislocation line length: 0.0, Dislocation density: 0.0
2025-08-21 21:35 - ml4cascades.lammps - INFO - Number of dislocation lines: 0
2025-08-21 21:35 - ml4cascades.lammps - INFO - Interstitial Clusters: Counter({1: 22, 2: 2})
2025-08-21 21:35 - ml4cascades.lammps - INFO - Total dislocation line length: 0.0, Dislocation density: 0.0
2025-08-21 21:35 - ml4cascades.lammps - INFO - Number of dislocation lines: 0
2025-08-21 21:39 - ml4cascades.lammps - INFO - index 2: hkl [0.20197498 0.27785259 0.9391507 ] 
2025-08-21 21:39 - ml4cascades.lammps - INFO - Vacancies: 28, Interstitials: 28
2025-08-21 21:39 - ml4cascades.lammps - INFO - Vacancy Clusters: Counter({1: 2, 11: 1, 8: 1, 7: 1})
2025-08-21 21:39 - ml4cascades.lammps - INFO - Total dislocation line length: 0.0, Dislocation density: 0.0
2025-08-21 21:39 - ml4cascades.lammps - INFO - Number of dislocation lines: 0
2025-08-21 21:39 - ml4cascades.lammps - INFO - Interstitial Clusters: Counter({1: 18, 2: 3, 4: 1})
2025-08-21 21:39 - ml4cascades.lammps - INFO - Total dislocation line length: 0.0, Dislocation density: 0.0
2025-08-21 21:39 - ml4cascades.lammps - INFO - Number of dislocation lines: 0
2025-08-21 21:44 - ml4cascades.lammps - INFO - index 3: hkl [0.29815221 0.34974124 0.88813643] 
2025-08-21 21:44 - ml4cascades.lammps - INFO - Vacancies: 24, Interstitials: 24
2025-08-21 21:44 - ml4cascades.lammps - INFO - Vacancy Clusters: Counter({21: 1, 2: 1, 1: 1})
2025-08-21 21:44 - ml4cascades.lammps - INFO - Total dislocation line length: 0.0, Dislocation density: 0.0
2025-08-21 21:44 - ml4cascades.lammps - INFO - Number of dislocation lines: 0
2025-08-21 21:44 - ml4cascades.lammps - INFO - Interstitial Clusters: Counter({1: 15, 2: 3, 3: 1})
2025-08-21 21:44 - ml4cascades.lammps - INFO - Total dislocation line length: 0.0, Dislocation density: 0.0
2025-08-21 21:44 - ml4cascades.lammps - INFO - Number of dislocation lines: 0
2025-08-21 21:49 - ml4cascades.lammps - INFO - index 4: hkl [0.27762207 0.02988676 0.96022537] 
2025-08-21 21:49 - ml4cascades.lammps - INFO - Vacancies: 22, Interstitials: 22
2025-08-21 21:49 - ml4cascades.lammps - INFO - Vacancy Clusters: Counter({3: 3, 2: 3, 1: 3, 4: 1})
2025-08-21 21:49 - ml4cascades.lammps - INFO - Total dislocation line length: 0.0, Dislocation density: 0.0
2025-08-21 21:49 - ml4cascades.lammps - INFO - Number of dislocation lines: 0
2025-08-21 21:49 - ml4cascades.lammps - INFO - Interstitial Clusters: Counter({1: 13, 4: 1, 3: 1, 2: 1})
2025-08-21 21:49 - ml4cascades.lammps - INFO - Total dislocation line length: 0.0, Dislocation density: 0.0
2025-08-21 21:49 - ml4cascades.lammps - INFO - Number of dislocation lines: 0
2025-08-21 21:53 - ml4cascades.lammps - INFO - index 5: hkl [0.29579411 0.3567087  0.88615165] 
2025-08-21 21:53 - ml4cascades.lammps - INFO - Vacancies: 24, Interstitials: 24
2025-08-21 21:53 - ml4cascades.lammps - INFO - Vacancy Clusters: Counter({2: 2, 1: 2, 9: 1, 6: 1, 3: 1})
2025-08-21 21:53 - ml4cascades.lammps - INFO - Total dislocation line length: 0.0, Dislocation density: 0.0
2025-08-21 21:53 - ml4cascades.lammps - INFO - Number of dislocation lines: 0
2025-08-21 21:53 - ml4cascades.lammps - INFO - Interstitial Clusters: Counter({1: 13, 2: 2, 4: 1, 3: 1})
2025-08-21 21:53 - ml4cascades.lammps - INFO - Total dislocation line length: 0.0, Dislocation density: 0.0
2025-08-21 21:53 - ml4cascades.lammps - INFO - Number of dislocation lines: 0
2025-08-21 21:58 - ml4cascades.lammps - INFO - index 6: hkl [0.47125234 0.09818456 0.87651641] 
2025-08-21 21:58 - ml4cascades.lammps - INFO - Vacancies: 26, Interstitials: 25
2025-08-21 21:58 - ml4cascades.lammps - WARNING - !!!Mismatch in vacancies and interstitials, ignore.
2025-08-21 21:58 - ml4cascades.lammps - INFO - Vacancy Clusters: Counter({1: 3, 10: 1, 8: 1, 5: 1})
2025-08-21 21:58 - ml4cascades.lammps - INFO - Total dislocation line length: 0.0, Dislocation density: 0.0
2025-08-21 21:58 - ml4cascades.lammps - INFO - Number of dislocation lines: 0
2025-08-21 21:58 - ml4cascades.lammps - INFO - Interstitial Clusters: Counter({1: 12, 2: 3, 7: 1})
2025-08-21 21:58 - ml4cascades.lammps - INFO - Total dislocation line length: 0.0, Dislocation density: 0.0
2025-08-21 21:58 - ml4cascades.lammps - INFO - Number of dislocation lines: 0
2025-08-21 21:58 - ml4cascades.lammps - INFO - Skipping hkl [0.32218753 0.14548076 0.93543067] (index 7) for energy 2000 eV: final time 0.167277253153349 ps < 30 ps.
2025-08-21 22:02 - ml4cascades.lammps - INFO - index 8: hkl [0.59252605 0.32000014 0.73926504] 
2025-08-21 22:02 - ml4cascades.lammps - INFO - Vacancies: 32, Interstitials: 30
2025-08-21 22:02 - ml4cascades.lammps - WARNING - !!!Mismatch in vacancies and interstitials, ignore.
2025-08-21 22:02 - ml4cascades.lammps - INFO - Vacancy Clusters: Counter({1: 3, 2: 2, 25: 1})
2025-08-21 22:02 - ml4cascades.lammps - INFO - Total dislocation line length: 0.0, Dislocation density: 0.0
2025-08-21 22:02 - ml4cascades.lammps - INFO - Number of dislocation lines: 0
2025-08-21 22:02 - ml4cascades.lammps - INFO - Interstitial Clusters: Counter({1: 14, 2: 3, 7: 1, 3: 1})
2025-08-21 22:02 - ml4cascades.lammps - INFO - Total dislocation line length: 0.0, Dislocation density: 0.0
2025-08-21 22:02 - ml4cascades.lammps - INFO - Number of dislocation lines: 0
2025-08-21 22:07 - ml4cascades.lammps - INFO - index 9: hkl [0.53684756 0.31117385 0.78419738] 
2025-08-21 22:07 - ml4cascades.lammps - INFO - Vacancies: 24, Interstitials: 23
2025-08-21 22:07 - ml4cascades.lammps - WARNING - !!!Mismatch in vacancies and interstitials, ignore.
2025-08-21 22:07 - ml4cascades.lammps - INFO - Vacancy Clusters: Counter({15: 1, 8: 1, 1: 1})
2025-08-21 22:07 - ml4cascades.lammps - INFO - Total dislocation line length: 0.0, Dislocation density: 0.0
2025-08-21 22:07 - ml4cascades.lammps - INFO - Number of dislocation lines: 0
2025-08-21 22:07 - ml4cascades.lammps - INFO - Interstitial Clusters: Counter({1: 10, 2: 3, 4: 1, 3: 1})
2025-08-21 22:07 - ml4cascades.lammps - INFO - Total dislocation line length: 0.0, Dislocation density: 0.0
2025-08-21 22:07 - ml4cascades.lammps - INFO - Number of dislocation lines: 0
2025-08-21 22:11 - ml4cascades.lammps - INFO - index 10: hkl [0.58110627 0.29987122 0.75656643] 
2025-08-21 22:11 - ml4cascades.lammps - INFO - Vacancies: 36, Interstitials: 36
2025-08-21 22:11 - ml4cascades.lammps - INFO - Vacancy Clusters: Counter({1: 3, 4: 2, 25: 1})
2025-08-21 22:11 - ml4cascades.lammps - INFO - Total dislocation line length: 0.0, Dislocation density: 0.0
2025-08-21 22:11 - ml4cascades.lammps - INFO - Number of dislocation lines: 0
2025-08-21 22:11 - ml4cascades.lammps - INFO - Interstitial Clusters: Counter({1: 14, 20: 1, 2: 1})
2025-08-21 22:11 - ml4cascades.lammps - INFO - Total dislocation line length: 0.0, Dislocation density: 0.0
2025-08-21 22:11 - ml4cascades.lammps - INFO - Number of dislocation lines: 0
2025-08-21 22:16 - ml4cascades.lammps - INFO - index 11: hkl [0.28788124 0.25573723 0.92288832] 
2025-08-21 22:16 - ml4cascades.lammps - INFO - Vacancies: 24, Interstitials: 24
2025-08-21 22:16 - ml4cascades.lammps - INFO - Vacancy Clusters: Counter({1: 5, 2: 2, 12: 1, 3: 1})
2025-08-21 22:16 - ml4cascades.lammps - INFO - Total dislocation line length: 0.0, Dislocation density: 0.0
2025-08-21 22:16 - ml4cascades.lammps - INFO - Number of dislocation lines: 0
2025-08-21 22:16 - ml4cascades.lammps - INFO - Interstitial Clusters: Counter({1: 12, 2: 6})
2025-08-21 22:16 - ml4cascades.lammps - INFO - Total dislocation line length: 0.0, Dislocation density: 0.0
2025-08-21 22:16 - ml4cascades.lammps - INFO - Number of dislocation lines: 0
2025-08-21 22:20 - ml4cascades.lammps - INFO - index 12: hkl [0.54716973 0.19652771 0.81362285] 
2025-08-21 22:20 - ml4cascades.lammps - INFO - Vacancies: 24, Interstitials: 23
2025-08-21 22:20 - ml4cascades.lammps - WARNING - !!!Mismatch in vacancies and interstitials, ignore.
2025-08-21 22:20 - ml4cascades.lammps - INFO - Vacancy Clusters: Counter({2: 2, 11: 1, 5: 1, 3: 1, 1: 1})
2025-08-21 22:20 - ml4cascades.lammps - INFO - Total dislocation line length: 0.0, Dislocation density: 0.0
2025-08-21 22:20 - ml4cascades.lammps - INFO - Number of dislocation lines: 0
2025-08-21 22:20 - ml4cascades.lammps - INFO - Interstitial Clusters: Counter({1: 15, 2: 4})
2025-08-21 22:20 - ml4cascades.lammps - INFO - Total dislocation line length: 0.0, Dislocation density: 0.0
2025-08-21 22:20 - ml4cascades.lammps - INFO - Number of dislocation lines: 0
2025-08-21 22:24 - ml4cascades.lammps - INFO - index 13: hkl [0.4589356  0.05714766 0.88662972] 
2025-08-21 22:24 - ml4cascades.lammps - INFO - Vacancies: 25, Interstitials: 25
2025-08-21 22:24 - ml4cascades.lammps - INFO - Vacancy Clusters: Counter({1: 3, 16: 1, 6: 1})
2025-08-21 22:24 - ml4cascades.lammps - INFO - Total dislocation line length: 0.0, Dislocation density: 0.0
2025-08-21 22:24 - ml4cascades.lammps - INFO - Number of dislocation lines: 0
2025-08-21 22:24 - ml4cascades.lammps - INFO - Interstitial Clusters: Counter({1: 15, 2: 5})
2025-08-21 22:24 - ml4cascades.lammps - INFO - Total dislocation line length: 0.0, Dislocation density: 0.0
2025-08-21 22:24 - ml4cascades.lammps - INFO - Number of dislocation lines: 0
2025-08-21 22:29 - ml4cascades.lammps - INFO - index 14: hkl [0.34923203 0.32139822 0.88019326] 
2025-08-21 22:29 - ml4cascades.lammps - INFO - Vacancies: 29, Interstitials: 29
2025-08-21 22:29 - ml4cascades.lammps - INFO - Vacancy Clusters: Counter({2: 3, 1: 2, 21: 1})
2025-08-21 22:29 - ml4cascades.lammps - INFO - Total dislocation line length: 0.0, Dislocation density: 0.0
2025-08-21 22:29 - ml4cascades.lammps - INFO - Number of dislocation lines: 0
2025-08-21 22:29 - ml4cascades.lammps - INFO - Interstitial Clusters: Counter({1: 10, 2: 3, 8: 1, 5: 1})
2025-08-21 22:29 - ml4cascades.lammps - INFO - Total dislocation line length: 0.0, Dislocation density: 0.0
2025-08-21 22:29 - ml4cascades.lammps - INFO - Number of dislocation lines: 0
2025-08-21 22:33 - ml4cascades.lammps - INFO - index 15: hkl [0.30518669 0.37323005 0.87610525] 
2025-08-21 22:33 - ml4cascades.lammps - INFO - Vacancies: 35, Interstitials: 34
2025-08-21 22:33 - ml4cascades.lammps - WARNING - !!!Mismatch in vacancies and interstitials, ignore.
2025-08-21 22:33 - ml4cascades.lammps - INFO - Vacancy Clusters: Counter({4: 2, 2: 2, 22: 1, 1: 1})
2025-08-21 22:33 - ml4cascades.lammps - INFO - Total dislocation line length: 0.0, Dislocation density: 0.0
2025-08-21 22:33 - ml4cascades.lammps - INFO - Number of dislocation lines: 0
2025-08-21 22:33 - ml4cascades.lammps - INFO - Interstitial Clusters: Counter({1: 9, 3: 2, 17: 1, 2: 1})
2025-08-21 22:33 - ml4cascades.lammps - INFO - Total dislocation line length: 0.0, Dislocation density: 0.0
2025-08-21 22:33 - ml4cascades.lammps - INFO - Number of dislocation lines: 0
2025-08-21 22:33 - ml4cascades.lammps - INFO - Skipping hkl [0.56940187 0.21908347 0.79232818] (index 16) for energy 2000 eV: final time 0.251505596719987 ps < 30 ps.
2025-08-21 22:37 - ml4cascades.lammps - INFO - index 17: hkl [0.36989954 0.36411423 0.8547486 ] 
2025-08-21 22:37 - ml4cascades.lammps - INFO - Vacancies: 27, Interstitials: 27
2025-08-21 22:37 - ml4cascades.lammps - INFO - Vacancy Clusters: Counter({1: 2, 16: 1, 5: 1, 4: 1})
2025-08-21 22:37 - ml4cascades.lammps - INFO - Total dislocation line length: 0.0, Dislocation density: 0.0
2025-08-21 22:37 - ml4cascades.lammps - INFO - Number of dislocation lines: 0
2025-08-21 22:37 - ml4cascades.lammps - INFO - Interstitial Clusters: Counter({1: 16, 2: 3, 5: 1})
2025-08-21 22:37 - ml4cascades.lammps - INFO - Total dislocation line length: 0.0, Dislocation density: 0.0
2025-08-21 22:37 - ml4cascades.lammps - INFO - Number of dislocation lines: 0
2025-08-21 22:42 - ml4cascades.lammps - INFO - index 18: hkl [0.6139283  0.34680314 0.70909775] 
2025-08-21 22:42 - ml4cascades.lammps - INFO - Vacancies: 20, Interstitials: 20
2025-08-21 22:42 - ml4cascades.lammps - INFO - Vacancy Clusters: Counter({1: 3, 2: 2, 10: 1, 3: 1})
2025-08-21 22:42 - ml4cascades.lammps - INFO - Total dislocation line length: 0.0, Dislocation density: 0.0
2025-08-21 22:42 - ml4cascades.lammps - INFO - Number of dislocation lines: 0
2025-08-21 22:42 - ml4cascades.lammps - INFO - Interstitial Clusters: Counter({1: 14, 4: 1, 2: 1})
2025-08-21 22:42 - ml4cascades.lammps - INFO - Total dislocation line length: 0.0, Dislocation density: 0.0
2025-08-21 22:42 - ml4cascades.lammps - INFO - Number of dislocation lines: 0
2025-08-21 22:46 - ml4cascades.lammps - INFO - index 19: hkl [0.54912575 0.19554725 0.81254057] 
2025-08-21 22:46 - ml4cascades.lammps - INFO - Vacancies: 34, Interstitials: 32
2025-08-21 22:46 - ml4cascades.lammps - WARNING - !!!Mismatch in vacancies and interstitials, ignore.
2025-08-21 22:46 - ml4cascades.lammps - INFO - Vacancy Clusters: Counter({3: 2, 14: 1, 7: 1, 4: 1, 2: 1, 1: 1})
2025-08-21 22:46 - ml4cascades.lammps - INFO - Total dislocation line length: 0.0, Dislocation density: 0.0
2025-08-21 22:46 - ml4cascades.lammps - INFO - Number of dislocation lines: 0
2025-08-21 22:46 - ml4cascades.lammps - INFO - Interstitial Clusters: Counter({1: 14, 7: 1, 6: 1, 3: 1, 2: 1})
2025-08-21 22:46 - ml4cascades.lammps - INFO - Total dislocation line length: 0.0, Dislocation density: 0.0
2025-08-21 22:46 - ml4cascades.lammps - INFO - Number of dislocation lines: 0
2025-08-21 22:50 - ml4cascades.lammps - INFO - index 20: hkl [0.30011285 0.03199562 0.95336696] 
2025-08-21 22:50 - ml4cascades.lammps - INFO - Vacancies: 25, Interstitials: 25
2025-08-21 22:50 - ml4cascades.lammps - INFO - Vacancy Clusters: Counter({1: 3, 7: 1, 6: 1, 5: 1, 4: 1})
2025-08-21 22:50 - ml4cascades.lammps - INFO - Total dislocation line length: 0.0, Dislocation density: 0.0
2025-08-21 22:50 - ml4cascades.lammps - INFO - Number of dislocation lines: 0
2025-08-21 22:50 - ml4cascades.lammps - INFO - Interstitial Clusters: Counter({1: 13, 4: 2, 2: 2})
2025-08-21 22:50 - ml4cascades.lammps - INFO - Total dislocation line length: 0.0, Dislocation density: 0.0
2025-08-21 22:50 - ml4cascades.lammps - INFO - Number of dislocation lines: 0
2025-08-21 22:55 - ml4cascades.lammps - INFO - index 21: hkl [0.47109182 0.28107537 0.83610354] 
2025-08-21 22:55 - ml4cascades.lammps - INFO - Vacancies: 27, Interstitials: 27
2025-08-21 22:55 - ml4cascades.lammps - INFO - Vacancy Clusters: Counter({1: 6, 7: 1, 5: 1, 4: 1, 3: 1, 2: 1})
2025-08-21 22:55 - ml4cascades.lammps - INFO - Total dislocation line length: 0.0, Dislocation density: 0.0
2025-08-21 22:55 - ml4cascades.lammps - INFO - Number of dislocation lines: 0
2025-08-21 22:55 - ml4cascades.lammps - INFO - Interstitial Clusters: Counter({1: 12, 3: 3, 2: 3})
2025-08-21 22:55 - ml4cascades.lammps - INFO - Total dislocation line length: 0.0, Dislocation density: 0.0
2025-08-21 22:55 - ml4cascades.lammps - INFO - Number of dislocation lines: 0
2025-08-21 22:59 - ml4cascades.lammps - INFO - index 22: hkl [0.38548268 0.50714355 0.77084923] 
2025-08-21 22:59 - ml4cascades.lammps - INFO - Vacancies: 43, Interstitials: 42
2025-08-21 22:59 - ml4cascades.lammps - WARNING - !!!Mismatch in vacancies and interstitials, ignore.
2025-08-21 22:59 - ml4cascades.lammps - INFO - Vacancy Clusters: Counter({1: 2, 41: 1})
2025-08-21 22:59 - ml4cascades.lammps - INFO - Total dislocation line length: 0.0, Dislocation density: 0.0
2025-08-21 22:59 - ml4cascades.lammps - INFO - Number of dislocation lines: 0
2025-08-21 22:59 - ml4cascades.lammps - INFO - Interstitial Clusters: Counter({1: 10, 30: 1, 2: 1})
2025-08-21 22:59 - ml4cascades.lammps - INFO - Total dislocation line length: 0.0, Dislocation density: 0.0
2025-08-21 22:59 - ml4cascades.lammps - INFO - Number of dislocation lines: 0
2025-08-21 23:03 - ml4cascades.lammps - INFO - index 23: hkl [0.30926768 0.12684511 0.94247749] 
2025-08-21 23:03 - ml4cascades.lammps - INFO - Vacancies: 28, Interstitials: 28
2025-08-21 23:03 - ml4cascades.lammps - INFO - Vacancy Clusters: Counter({1: 2, 13: 1, 10: 1, 3: 1})
2025-08-21 23:03 - ml4cascades.lammps - INFO - Total dislocation line length: 0.0, Dislocation density: 0.0
2025-08-21 23:03 - ml4cascades.lammps - INFO - Number of dislocation lines: 0
2025-08-21 23:03 - ml4cascades.lammps - INFO - Interstitial Clusters: Counter({1: 10, 2: 4, 3: 2, 4: 1})
2025-08-21 23:03 - ml4cascades.lammps - INFO - Total dislocation line length: 0.0, Dislocation density: 0.0
2025-08-21 23:03 - ml4cascades.lammps - INFO - Number of dislocation lines: 0
2025-08-21 23:07 - ml4cascades.lammps - INFO - index 24: hkl [0.58579777 0.36209835 0.72506948] 
2025-08-21 23:07 - ml4cascades.lammps - INFO - Vacancies: 25, Interstitials: 25
2025-08-21 23:07 - ml4cascades.lammps - INFO - Vacancy Clusters: Counter({1: 3, 14: 1, 5: 1, 3: 1})
2025-08-21 23:07 - ml4cascades.lammps - INFO - Total dislocation line length: 0.0, Dislocation density: 0.0
2025-08-21 23:07 - ml4cascades.lammps - INFO - Number of dislocation lines: 0
2025-08-21 23:07 - ml4cascades.lammps - INFO - Interstitial Clusters: Counter({1: 10, 5: 2, 3: 1, 2: 1})
2025-08-21 23:07 - ml4cascades.lammps - INFO - Total dislocation line length: 0.0, Dislocation density: 0.0
2025-08-21 23:07 - ml4cascades.lammps - INFO - Number of dislocation lines: 0
2025-08-21 23:12 - ml4cascades.lammps - INFO - index 25: hkl [0.51388914 0.36261566 0.77744958] 
2025-08-21 23:12 - ml4cascades.lammps - INFO - Vacancies: 25, Interstitials: 25
2025-08-21 23:12 - ml4cascades.lammps - INFO - Vacancy Clusters: Counter({2: 2, 11: 1, 9: 1, 1: 1})
2025-08-21 23:12 - ml4cascades.lammps - INFO - Total dislocation line length: 0.0, Dislocation density: 0.0
2025-08-21 23:12 - ml4cascades.lammps - INFO - Number of dislocation lines: 0
2025-08-21 23:12 - ml4cascades.lammps - INFO - Interstitial Clusters: Counter({1: 16, 4: 1, 3: 1, 2: 1})
2025-08-21 23:12 - ml4cascades.lammps - INFO - Total dislocation line length: 0.0, Dislocation density: 0.0
2025-08-21 23:12 - ml4cascades.lammps - INFO - Number of dislocation lines: 0
2025-08-21 23:16 - ml4cascades.lammps - INFO - index 26: hkl [0.31512092 0.34031413 0.88593741] 
2025-08-21 23:16 - ml4cascades.lammps - INFO - Vacancies: 19, Interstitials: 19
2025-08-21 23:16 - ml4cascades.lammps - INFO - Vacancy Clusters: Counter({1: 5, 2: 3, 4: 2})
2025-08-21 23:16 - ml4cascades.lammps - INFO - Total dislocation line length: 0.0, Dislocation density: 0.0
2025-08-21 23:16 - ml4cascades.lammps - INFO - Number of dislocation lines: 0
2025-08-21 23:16 - ml4cascades.lammps - INFO - Interstitial Clusters: Counter({1: 15, 2: 2})
2025-08-21 23:16 - ml4cascades.lammps - INFO - Total dislocation line length: 0.0, Dislocation density: 0.0
2025-08-21 23:16 - ml4cascades.lammps - INFO - Number of dislocation lines: 0
2025-08-21 23:21 - ml4cascades.lammps - INFO - index 27: hkl [0.41489987 0.1095436  0.90324874] 
2025-08-21 23:21 - ml4cascades.lammps - INFO - Vacancies: 24, Interstitials: 24
2025-08-21 23:21 - ml4cascades.lammps - INFO - Vacancy Clusters: Counter({1: 4, 2: 2, 16: 1})
2025-08-21 23:21 - ml4cascades.lammps - INFO - Total dislocation line length: 0.0, Dislocation density: 0.0
2025-08-21 23:21 - ml4cascades.lammps - INFO - Number of dislocation lines: 0
2025-08-21 23:21 - ml4cascades.lammps - INFO - Interstitial Clusters: Counter({1: 14, 3: 2, 2: 2})
2025-08-21 23:21 - ml4cascades.lammps - INFO - Total dislocation line length: 0.0, Dislocation density: 0.0
2025-08-21 23:21 - ml4cascades.lammps - INFO - Number of dislocation lines: 0
2025-08-21 23:25 - ml4cascades.lammps - INFO - index 28: hkl [0.43723834 0.00775167 0.89931226] 
2025-08-21 23:25 - ml4cascades.lammps - INFO - Vacancies: 34, Interstitials: 33
2025-08-21 23:25 - ml4cascades.lammps - WARNING - !!!Mismatch in vacancies and interstitials, ignore.
2025-08-21 23:25 - ml4cascades.lammps - INFO - Vacancy Clusters: Counter({1: 3, 18: 1, 13: 1})
2025-08-21 23:25 - ml4cascades.lammps - INFO - Total dislocation line length: 0.0, Dislocation density: 0.0
2025-08-21 23:25 - ml4cascades.lammps - INFO - Number of dislocation lines: 0
2025-08-21 23:25 - ml4cascades.lammps - INFO - Interstitial Clusters: Counter({1: 4, 8: 2, 2: 2, 6: 1, 3: 1})
2025-08-21 23:25 - ml4cascades.lammps - INFO - Total dislocation line length: 0.0, Dislocation density: 0.0
2025-08-21 23:25 - ml4cascades.lammps - INFO - Number of dislocation lines: 0
2025-08-21 23:29 - ml4cascades.lammps - INFO - index 29: hkl [0.40456621 0.47788918 0.77971027] 
2025-08-21 23:29 - ml4cascades.lammps - INFO - Vacancies: 25, Interstitials: 25
2025-08-21 23:29 - ml4cascades.lammps - INFO - Vacancy Clusters: Counter({1: 3, 9: 1, 6: 1, 4: 1, 3: 1})
2025-08-21 23:29 - ml4cascades.lammps - INFO - Total dislocation line length: 0.0, Dislocation density: 0.0
2025-08-21 23:29 - ml4cascades.lammps - INFO - Number of dislocation lines: 0
2025-08-21 23:29 - ml4cascades.lammps - INFO - Interstitial Clusters: Counter({1: 12, 2: 3, 4: 1, 3: 1})
2025-08-21 23:29 - ml4cascades.lammps - INFO - Total dislocation line length: 0.0, Dislocation density: 0.0
2025-08-21 23:29 - ml4cascades.lammps - INFO - Number of dislocation lines: 0
2025-08-21 23:29 - ml4cascades.lammps - INFO - correct cluster count: 28 for energy 2000 eV
2025-08-21 23:29 - ml4cascades.lammps - INFO - Energy: 2000 eV, number of vac clusters by size: [100, 20, 9, 45]
2025-08-21 23:29 - ml4cascades.lammps - INFO - Energy: 2000 eV, number of inter clusters by size: [424, 15, 6, 27]
2025-08-22 07:56 - ml4cascades.lammps - INFO - Saved hkl_list.dat to /scratch/phys/t30429_nume-dft-ml/04-Ruoyan/02-Paper2/02-cascade/ml4cascades/ml4cascades/lammps/results/pka/MEAM/100/hkl_list.dat
2025-08-22 07:56 - ml4cascades.lammps - INFO - Saved hkl_list.dat to /scratch/phys/t30429_nume-dft-ml/04-Ruoyan/02-Paper2/02-cascade/ml4cascades/ml4cascades/lammps/results/pka/MEAM/1000/hkl_list.dat
2025-08-22 07:56 - ml4cascades.lammps - INFO - --------------------------------------Post-processing simulations ----------------------------------------
2025-08-22 07:56 - ml4cascades.lammps - INFO - ---------------------------------------------------
2025-08-22 07:56 - ml4cascades.lammps - INFO - Post-processing for energy: 100 eV
2025-08-22 07:56 - ml4cascades.lammps - INFO - Reference file /scratch/phys/t30429_nume-dft-ml/04-Ruoyan/02-Paper2/02-cascade/ml4cascades/ml4cascades/lammps/results/pka/MEAM/100/relax.out not found for energy 100 eV. Skipping.
2025-08-22 07:56 - ml4cascades.lammps - INFO - ---------------------------------------------------
2025-08-22 07:56 - ml4cascades.lammps - INFO - Post-processing for energy: 1000 eV
2025-08-22 07:56 - ml4cascades.lammps - INFO - Reference file /scratch/phys/t30429_nume-dft-ml/04-Ruoyan/02-Paper2/02-cascade/ml4cascades/ml4cascades/lammps/results/pka/MEAM/1000/relax.out not found for energy 1000 eV. Skipping.
2025-08-22 08:15 - ml4cascades.lammps - INFO - Saved hkl_list.dat to /scratch/phys/t30429_nume-dft-ml/04-Ruoyan/02-Paper2/02-cascade/ml4cascades/ml4cascades/lammps/results/pka/MEAM/100/hkl_list.dat
2025-08-22 08:15 - ml4cascades.lammps - INFO - Saved hkl_list.dat to /scratch/phys/t30429_nume-dft-ml/04-Ruoyan/02-Paper2/02-cascade/ml4cascades/ml4cascades/lammps/results/pka/MEAM/1000/hkl_list.dat
2025-08-22 08:15 - ml4cascades.lammps - INFO - --------------------------------------Post-processing simulations ----------------------------------------
2025-08-22 08:15 - ml4cascades.lammps - INFO - ---------------------------------------------------
2025-08-22 08:15 - ml4cascades.lammps - INFO - Post-processing for energy: 100 eV
2025-08-22 08:15 - ml4cascades.lammps - INFO - index 0: hkl [0.29552945 0.02037054 0.95511643] 
2025-08-22 08:15 - ml4cascades.lammps - INFO - Vacancies: 7, Interstitials: 7
2025-08-22 08:15 - ml4cascades.lammps - INFO - Vacancy Clusters: Counter({4: 1, 2: 1, 1: 1})
2025-08-22 08:15 - ml4cascades.lammps - INFO - Total dislocation line length: 0.0, Dislocation density: 0.0
2025-08-22 08:15 - ml4cascades.lammps - INFO - Number of dislocation lines: 0
2025-08-22 08:15 - ml4cascades.lammps - INFO - Interstitial Clusters: Counter({4: 1, 2: 1, 1: 1})
2025-08-22 08:15 - ml4cascades.lammps - INFO - Total dislocation line length: 0.0, Dislocation density: 0.0
2025-08-22 08:15 - ml4cascades.lammps - INFO - Number of dislocation lines: 0
2025-08-22 08:15 - ml4cascades.lammps - INFO - index 1: hkl [0.48167057 0.30553306 0.82136655] 
2025-08-22 08:15 - ml4cascades.lammps - INFO - Vacancies: 441, Interstitials: 440
2025-08-22 08:15 - ml4cascades.lammps - WARNING - !!!Mismatch in vacancies and interstitials, ignore.
2025-08-22 08:15 - ml4cascades.lammps - INFO - Vacancy Clusters: Counter({441: 1})
2025-08-22 08:15 - ml4cascades.lammps - INFO - Total dislocation line length: 0.0, Dislocation density: 0.0
2025-08-22 08:15 - ml4cascades.lammps - INFO - Number of dislocation lines: 0
2025-08-22 08:15 - ml4cascades.lammps - INFO - Interstitial Clusters: Counter({440: 1})
2025-08-22 08:15 - ml4cascades.lammps - INFO - Total dislocation line length: 0.0, Dislocation density: 0.0
2025-08-22 08:15 - ml4cascades.lammps - INFO - Number of dislocation lines: 0
2025-08-22 08:16 - ml4cascades.lammps - INFO - index 2: hkl [0.20197498 0.27785259 0.9391507 ] 
2025-08-22 08:16 - ml4cascades.lammps - INFO - Vacancies: 1, Interstitials: 1
2025-08-22 08:16 - ml4cascades.lammps - INFO - Vacancy Clusters: Counter({1: 1})
2025-08-22 08:16 - ml4cascades.lammps - INFO - Total dislocation line length: 0.0, Dislocation density: 0.0
2025-08-22 08:16 - ml4cascades.lammps - INFO - Number of dislocation lines: 0
2025-08-22 08:16 - ml4cascades.lammps - INFO - Interstitial Clusters: Counter({1: 1})
2025-08-22 08:16 - ml4cascades.lammps - INFO - Total dislocation line length: 0.0, Dislocation density: 0.0
2025-08-22 08:16 - ml4cascades.lammps - INFO - Number of dislocation lines: 0
2025-08-22 08:16 - ml4cascades.lammps - INFO - index 3: hkl [0.29815221 0.34974124 0.88813643] 
2025-08-22 08:16 - ml4cascades.lammps - INFO - Vacancies: 5, Interstitials: 5
2025-08-22 08:16 - ml4cascades.lammps - INFO - Vacancy Clusters: Counter({1: 3, 2: 1})
2025-08-22 08:16 - ml4cascades.lammps - INFO - Total dislocation line length: 0.0, Dislocation density: 0.0
2025-08-22 08:16 - ml4cascades.lammps - INFO - Number of dislocation lines: 0
2025-08-22 08:16 - ml4cascades.lammps - INFO - Interstitial Clusters: Counter({2: 2, 1: 1})
2025-08-22 08:16 - ml4cascades.lammps - INFO - Total dislocation line length: 0.0, Dislocation density: 0.0
2025-08-22 08:16 - ml4cascades.lammps - INFO - Number of dislocation lines: 0
2025-08-22 08:16 - ml4cascades.lammps - INFO - index 4: hkl [0.27762207 0.02988676 0.96022537] 
2025-08-22 08:16 - ml4cascades.lammps - INFO - Vacancies: 5, Interstitials: 5
2025-08-22 08:16 - ml4cascades.lammps - INFO - Vacancy Clusters: Counter({4: 1, 1: 1})
2025-08-22 08:16 - ml4cascades.lammps - INFO - Total dislocation line length: 0.0, Dislocation density: 0.0
2025-08-22 08:16 - ml4cascades.lammps - INFO - Number of dislocation lines: 0
2025-08-22 08:16 - ml4cascades.lammps - INFO - Interstitial Clusters: Counter({2: 2, 1: 1})
2025-08-22 08:16 - ml4cascades.lammps - INFO - Total dislocation line length: 0.0, Dislocation density: 0.0
2025-08-22 08:16 - ml4cascades.lammps - INFO - Number of dislocation lines: 0
2025-08-22 08:16 - ml4cascades.lammps - INFO - index 5: hkl [0.29579411 0.3567087  0.88615165] 
2025-08-22 08:16 - ml4cascades.lammps - INFO - Vacancies: 797, Interstitials: 795
2025-08-22 08:16 - ml4cascades.lammps - WARNING - !!!Mismatch in vacancies and interstitials, ignore.
2025-08-22 08:16 - ml4cascades.lammps - INFO - Vacancy Clusters: Counter({797: 1})
2025-08-22 08:16 - ml4cascades.lammps - INFO - Total dislocation line length: 0.0, Dislocation density: 0.0
2025-08-22 08:16 - ml4cascades.lammps - INFO - Number of dislocation lines: 0
2025-08-22 08:16 - ml4cascades.lammps - INFO - Interstitial Clusters: Counter({795: 1})
2025-08-22 08:16 - ml4cascades.lammps - INFO - Total dislocation line length: 0.0, Dislocation density: 0.0
2025-08-22 08:16 - ml4cascades.lammps - INFO - Number of dislocation lines: 0
2025-08-22 08:16 - ml4cascades.lammps - INFO - index 6: hkl [0.47125234 0.09818456 0.87651641] 
2025-08-22 08:16 - ml4cascades.lammps - INFO - Vacancies: 2, Interstitials: 2
2025-08-22 08:16 - ml4cascades.lammps - INFO - Vacancy Clusters: Counter({1: 2})
2025-08-22 08:16 - ml4cascades.lammps - INFO - Total dislocation line length: 0.0, Dislocation density: 0.0
2025-08-22 08:16 - ml4cascades.lammps - INFO - Number of dislocation lines: 0
2025-08-22 08:16 - ml4cascades.lammps - INFO - Interstitial Clusters: Counter({1: 2})
2025-08-22 08:16 - ml4cascades.lammps - INFO - Total dislocation line length: 0.0, Dislocation density: 0.0
2025-08-22 08:16 - ml4cascades.lammps - INFO - Number of dislocation lines: 0
2025-08-22 08:16 - ml4cascades.lammps - INFO - index 7: hkl [0.32218753 0.14548076 0.93543067] 
2025-08-22 08:16 - ml4cascades.lammps - INFO - Vacancies: 0, Interstitials: 0
2025-08-22 08:16 - ml4cascades.lammps - INFO - Vacancy Clusters: Counter()
2025-08-22 08:16 - ml4cascades.lammps - INFO - Total dislocation line length: 0.0, Dislocation density: 0.0
2025-08-22 08:16 - ml4cascades.lammps - INFO - Number of dislocation lines: 0
2025-08-22 08:16 - ml4cascades.lammps - INFO - Interstitial Clusters: Counter()
2025-08-22 08:16 - ml4cascades.lammps - INFO - Total dislocation line length: 0.0, Dislocation density: 0.0
2025-08-22 08:16 - ml4cascades.lammps - INFO - Number of dislocation lines: 0
2025-08-22 08:17 - ml4cascades.lammps - INFO - index 8: hkl [0.59252605 0.32000014 0.73926504] 
2025-08-22 08:17 - ml4cascades.lammps - INFO - Vacancies: 301, Interstitials: 299
2025-08-22 08:17 - ml4cascades.lammps - WARNING - !!!Mismatch in vacancies and interstitials, ignore.
2025-08-22 08:17 - ml4cascades.lammps - INFO - Vacancy Clusters: Counter({301: 1})
2025-08-22 08:17 - ml4cascades.lammps - INFO - Total dislocation line length: 0.0, Dislocation density: 0.0
2025-08-22 08:17 - ml4cascades.lammps - INFO - Number of dislocation lines: 0
2025-08-22 08:17 - ml4cascades.lammps - INFO - Interstitial Clusters: Counter({299: 1})
2025-08-22 08:17 - ml4cascades.lammps - INFO - Total dislocation line length: 0.0, Dislocation density: 0.0
2025-08-22 08:17 - ml4cascades.lammps - INFO - Number of dislocation lines: 0
2025-08-22 08:17 - ml4cascades.lammps - INFO - index 9: hkl [0.53684756 0.31117385 0.78419738] 
2025-08-22 08:17 - ml4cascades.lammps - INFO - Vacancies: 4, Interstitials: 3
2025-08-22 08:17 - ml4cascades.lammps - WARNING - !!!Mismatch in vacancies and interstitials, ignore.
2025-08-22 08:17 - ml4cascades.lammps - INFO - Vacancy Clusters: Counter({3: 1, 1: 1})
2025-08-22 08:17 - ml4cascades.lammps - INFO - Total dislocation line length: 0.0, Dislocation density: 0.0
2025-08-22 08:17 - ml4cascades.lammps - INFO - Number of dislocation lines: 0
2025-08-22 08:17 - ml4cascades.lammps - INFO - Interstitial Clusters: Counter({2: 1, 1: 1})
2025-08-22 08:17 - ml4cascades.lammps - INFO - Total dislocation line length: 0.0, Dislocation density: 0.0
2025-08-22 08:17 - ml4cascades.lammps - INFO - Number of dislocation lines: 0
2025-08-22 08:17 - ml4cascades.lammps - INFO - index 10: hkl [0.58110627 0.29987122 0.75656643] 
2025-08-22 08:17 - ml4cascades.lammps - INFO - Vacancies: 6, Interstitials: 6
2025-08-22 08:17 - ml4cascades.lammps - INFO - Vacancy Clusters: Counter({3: 1, 2: 1, 1: 1})
2025-08-22 08:17 - ml4cascades.lammps - INFO - Total dislocation line length: 0.0, Dislocation density: 0.0
2025-08-22 08:17 - ml4cascades.lammps - INFO - Number of dislocation lines: 0
2025-08-22 08:17 - ml4cascades.lammps - INFO - Interstitial Clusters: Counter({2: 2, 1: 2})
2025-08-22 08:17 - ml4cascades.lammps - INFO - Total dislocation line length: 0.0, Dislocation density: 0.0
2025-08-22 08:17 - ml4cascades.lammps - INFO - Number of dislocation lines: 0
2025-08-22 08:17 - ml4cascades.lammps - INFO - index 11: hkl [0.28788124 0.25573723 0.92288832] 
2025-08-22 08:17 - ml4cascades.lammps - INFO - Vacancies: 3, Interstitials: 3
2025-08-22 08:17 - ml4cascades.lammps - INFO - Vacancy Clusters: Counter({2: 1, 1: 1})
2025-08-22 08:17 - ml4cascades.lammps - INFO - Total dislocation line length: 0.0, Dislocation density: 0.0
2025-08-22 08:17 - ml4cascades.lammps - INFO - Number of dislocation lines: 0
2025-08-22 08:17 - ml4cascades.lammps - INFO - Interstitial Clusters: Counter({2: 1, 1: 1})
2025-08-22 08:17 - ml4cascades.lammps - INFO - Total dislocation line length: 0.0, Dislocation density: 0.0
2025-08-22 08:17 - ml4cascades.lammps - INFO - Number of dislocation lines: 0
2025-08-22 08:17 - ml4cascades.lammps - INFO - index 12: hkl [0.54716973 0.19652771 0.81362285] 
2025-08-22 08:17 - ml4cascades.lammps - INFO - Vacancies: 286, Interstitials: 286
2025-08-22 08:17 - ml4cascades.lammps - INFO - Vacancy Clusters: Counter({286: 1})
2025-08-22 08:17 - ml4cascades.lammps - INFO - Total dislocation line length: 0.0, Dislocation density: 0.0
2025-08-22 08:17 - ml4cascades.lammps - INFO - Number of dislocation lines: 0
2025-08-22 08:17 - ml4cascades.lammps - INFO - Interstitial Clusters: Counter({286: 1})
2025-08-22 08:17 - ml4cascades.lammps - INFO - Total dislocation line length: 0.0, Dislocation density: 0.0
2025-08-22 08:17 - ml4cascades.lammps - INFO - Number of dislocation lines: 0
2025-08-22 08:17 - ml4cascades.lammps - INFO - index 13: hkl [0.4589356  0.05714766 0.88662972] 
2025-08-22 08:17 - ml4cascades.lammps - INFO - Vacancies: 1, Interstitials: 1
2025-08-22 08:17 - ml4cascades.lammps - INFO - Vacancy Clusters: Counter({1: 1})
2025-08-22 08:17 - ml4cascades.lammps - INFO - Total dislocation line length: 0.0, Dislocation density: 0.0
2025-08-22 08:17 - ml4cascades.lammps - INFO - Number of dislocation lines: 0
2025-08-22 08:17 - ml4cascades.lammps - INFO - Interstitial Clusters: Counter({1: 1})
2025-08-22 08:17 - ml4cascades.lammps - INFO - Total dislocation line length: 0.0, Dislocation density: 0.0
2025-08-22 08:17 - ml4cascades.lammps - INFO - Number of dislocation lines: 0
2025-08-22 08:18 - ml4cascades.lammps - INFO - index 14: hkl [0.34923203 0.32139822 0.88019326] 
2025-08-22 08:18 - ml4cascades.lammps - INFO - Vacancies: 3, Interstitials: 3
2025-08-22 08:18 - ml4cascades.lammps - INFO - Vacancy Clusters: Counter({3: 1})
2025-08-22 08:18 - ml4cascades.lammps - INFO - Total dislocation line length: 0.0, Dislocation density: 0.0
2025-08-22 08:18 - ml4cascades.lammps - INFO - Number of dislocation lines: 0
2025-08-22 08:18 - ml4cascades.lammps - INFO - Interstitial Clusters: Counter({1: 3})
2025-08-22 08:18 - ml4cascades.lammps - INFO - Total dislocation line length: 0.0, Dislocation density: 0.0
2025-08-22 08:18 - ml4cascades.lammps - INFO - Number of dislocation lines: 0
2025-08-22 08:18 - ml4cascades.lammps - INFO - index 15: hkl [0.30518669 0.37323005 0.87610525] 
2025-08-22 08:18 - ml4cascades.lammps - INFO - Vacancies: 1172, Interstitials: 1172
2025-08-22 08:18 - ml4cascades.lammps - INFO - Vacancy Clusters: Counter({1172: 1})
2025-08-22 08:18 - ml4cascades.lammps - INFO - Total dislocation line length: 0.0, Dislocation density: 0.0
2025-08-22 08:18 - ml4cascades.lammps - INFO - Number of dislocation lines: 0
2025-08-22 08:18 - ml4cascades.lammps - INFO - Interstitial Clusters: Counter({1172: 1})
2025-08-22 08:18 - ml4cascades.lammps - INFO - Total dislocation line length: 0.0, Dislocation density: 0.0
2025-08-22 08:18 - ml4cascades.lammps - INFO - Number of dislocation lines: 0
2025-08-22 08:18 - ml4cascades.lammps - INFO - index 16: hkl [0.56940187 0.21908347 0.79232818] 
2025-08-22 08:18 - ml4cascades.lammps - INFO - Vacancies: 4, Interstitials: 4
2025-08-22 08:18 - ml4cascades.lammps - INFO - Vacancy Clusters: Counter({3: 1, 1: 1})
2025-08-22 08:18 - ml4cascades.lammps - INFO - Total dislocation line length: 0.0, Dislocation density: 0.0
2025-08-22 08:18 - ml4cascades.lammps - INFO - Number of dislocation lines: 0
2025-08-22 08:18 - ml4cascades.lammps - INFO - Interstitial Clusters: Counter({1: 2, 2: 1})
2025-08-22 08:18 - ml4cascades.lammps - INFO - Total dislocation line length: 0.0, Dislocation density: 0.0
2025-08-22 08:18 - ml4cascades.lammps - INFO - Number of dislocation lines: 0
2025-08-22 08:18 - ml4cascades.lammps - INFO - index 17: hkl [0.36989954 0.36411423 0.8547486 ] 
2025-08-22 08:18 - ml4cascades.lammps - INFO - Vacancies: 36, Interstitials: 36
2025-08-22 08:18 - ml4cascades.lammps - INFO - Vacancy Clusters: Counter({1: 5, 19: 1, 7: 1, 3: 1, 2: 1})
2025-08-22 08:18 - ml4cascades.lammps - INFO - Total dislocation line length: 0.0, Dislocation density: 0.0
2025-08-22 08:18 - ml4cascades.lammps - INFO - Number of dislocation lines: 0
2025-08-22 08:18 - ml4cascades.lammps - INFO - Interstitial Clusters: Counter({1: 8, 19: 1, 7: 1, 2: 1})
2025-08-22 08:18 - ml4cascades.lammps - INFO - Total dislocation line length: 0.0, Dislocation density: 0.0
2025-08-22 08:18 - ml4cascades.lammps - INFO - Number of dislocation lines: 0
2025-08-22 08:18 - ml4cascades.lammps - INFO - index 18: hkl [0.6139283  0.34680314 0.70909775] 
2025-08-22 08:18 - ml4cascades.lammps - INFO - Vacancies: 368, Interstitials: 368
2025-08-22 08:18 - ml4cascades.lammps - INFO - Vacancy Clusters: Counter({368: 1})
2025-08-22 08:18 - ml4cascades.lammps - INFO - Total dislocation line length: 0.0, Dislocation density: 0.0
2025-08-22 08:18 - ml4cascades.lammps - INFO - Number of dislocation lines: 0
2025-08-22 08:18 - ml4cascades.lammps - INFO - Interstitial Clusters: Counter({368: 1})
2025-08-22 08:18 - ml4cascades.lammps - INFO - Total dislocation line length: 0.0, Dislocation density: 0.0
2025-08-22 08:18 - ml4cascades.lammps - INFO - Number of dislocation lines: 0
2025-08-22 08:18 - ml4cascades.lammps - INFO - index 19: hkl [0.54912575 0.19554725 0.81254057] 
2025-08-22 08:18 - ml4cascades.lammps - INFO - Vacancies: 265, Interstitials: 265
2025-08-22 08:18 - ml4cascades.lammps - INFO - Vacancy Clusters: Counter({265: 1})
2025-08-22 08:18 - ml4cascades.lammps - INFO - Total dislocation line length: 0.0, Dislocation density: 0.0
2025-08-22 08:18 - ml4cascades.lammps - INFO - Number of dislocation lines: 0
2025-08-22 08:18 - ml4cascades.lammps - INFO - Interstitial Clusters: Counter({265: 1})
2025-08-22 08:18 - ml4cascades.lammps - INFO - Total dislocation line length: 0.0, Dislocation density: 0.0
2025-08-22 08:18 - ml4cascades.lammps - INFO - Number of dislocation lines: 0
2025-08-22 08:19 - ml4cascades.lammps - INFO - index 20: hkl [0.30011285 0.03199562 0.95336696] 
2025-08-22 08:19 - ml4cascades.lammps - INFO - Vacancies: 2, Interstitials: 2
2025-08-22 08:19 - ml4cascades.lammps - INFO - Vacancy Clusters: Counter({1: 2})
2025-08-22 08:19 - ml4cascades.lammps - INFO - Total dislocation line length: 0.0, Dislocation density: 0.0
2025-08-22 08:19 - ml4cascades.lammps - INFO - Number of dislocation lines: 0
2025-08-22 08:19 - ml4cascades.lammps - INFO - Interstitial Clusters: Counter({2: 1})
2025-08-22 08:19 - ml4cascades.lammps - INFO - Total dislocation line length: 0.0, Dislocation density: 0.0
2025-08-22 08:19 - ml4cascades.lammps - INFO - Number of dislocation lines: 0
2025-08-22 08:19 - ml4cascades.lammps - INFO - index 21: hkl [0.47109182 0.28107537 0.83610354] 
2025-08-22 08:19 - ml4cascades.lammps - INFO - Vacancies: 4, Interstitials: 4
2025-08-22 08:19 - ml4cascades.lammps - INFO - Vacancy Clusters: Counter({3: 1, 1: 1})
2025-08-22 08:19 - ml4cascades.lammps - INFO - Total dislocation line length: 0.0, Dislocation density: 0.0
2025-08-22 08:19 - ml4cascades.lammps - INFO - Number of dislocation lines: 0
2025-08-22 08:19 - ml4cascades.lammps - INFO - Interstitial Clusters: Counter({3: 1, 1: 1})
2025-08-22 08:19 - ml4cascades.lammps - INFO - Total dislocation line length: 0.0, Dislocation density: 0.0
2025-08-22 08:19 - ml4cascades.lammps - INFO - Number of dislocation lines: 0
2025-08-22 08:19 - ml4cascades.lammps - INFO - index 22: hkl [0.38548268 0.50714355 0.77084923] 
2025-08-22 08:19 - ml4cascades.lammps - INFO - Vacancies: 734, Interstitials: 733
2025-08-22 08:19 - ml4cascades.lammps - WARNING - !!!Mismatch in vacancies and interstitials, ignore.
2025-08-22 08:19 - ml4cascades.lammps - INFO - Vacancy Clusters: Counter({734: 1})
2025-08-22 08:19 - ml4cascades.lammps - INFO - Total dislocation line length: 0.0, Dislocation density: 0.0
2025-08-22 08:19 - ml4cascades.lammps - INFO - Number of dislocation lines: 0
2025-08-22 08:19 - ml4cascades.lammps - INFO - Interstitial Clusters: Counter({733: 1})
2025-08-22 08:19 - ml4cascades.lammps - INFO - Total dislocation line length: 0.0, Dislocation density: 0.0
2025-08-22 08:19 - ml4cascades.lammps - INFO - Number of dislocation lines: 0
2025-08-22 08:19 - ml4cascades.lammps - INFO - index 23: hkl [0.30926768 0.12684511 0.94247749] 
2025-08-22 08:19 - ml4cascades.lammps - INFO - Vacancies: 15, Interstitials: 15
2025-08-22 08:19 - ml4cascades.lammps - INFO - Vacancy Clusters: Counter({1: 10, 5: 1})
2025-08-22 08:19 - ml4cascades.lammps - INFO - Total dislocation line length: 0.0, Dislocation density: 0.0
2025-08-22 08:19 - ml4cascades.lammps - INFO - Number of dislocation lines: 0
2025-08-22 08:19 - ml4cascades.lammps - INFO - Interstitial Clusters: Counter({1: 10, 5: 1})
2025-08-22 08:19 - ml4cascades.lammps - INFO - Total dislocation line length: 0.0, Dislocation density: 0.0
2025-08-22 08:19 - ml4cascades.lammps - INFO - Number of dislocation lines: 0
2025-08-22 08:19 - ml4cascades.lammps - INFO - index 24: hkl [0.58579777 0.36209835 0.72506948] 
2025-08-22 08:19 - ml4cascades.lammps - INFO - Vacancies: 394, Interstitials: 394
2025-08-22 08:19 - ml4cascades.lammps - INFO - Vacancy Clusters: Counter({394: 1})
2025-08-22 08:19 - ml4cascades.lammps - INFO - Total dislocation line length: 0.0, Dislocation density: 0.0
2025-08-22 08:19 - ml4cascades.lammps - INFO - Number of dislocation lines: 0
2025-08-22 08:19 - ml4cascades.lammps - INFO - Interstitial Clusters: Counter({394: 1})
2025-08-22 08:19 - ml4cascades.lammps - INFO - Total dislocation line length: 0.0, Dislocation density: 0.0
2025-08-22 08:19 - ml4cascades.lammps - INFO - Number of dislocation lines: 0
2025-08-22 08:19 - ml4cascades.lammps - INFO - index 25: hkl [0.51388914 0.36261566 0.77744958] 
2025-08-22 08:19 - ml4cascades.lammps - INFO - Vacancies: 6, Interstitials: 5
2025-08-22 08:19 - ml4cascades.lammps - WARNING - !!!Mismatch in vacancies and interstitials, ignore.
2025-08-22 08:19 - ml4cascades.lammps - INFO - Vacancy Clusters: Counter({1: 4, 2: 1})
2025-08-22 08:19 - ml4cascades.lammps - INFO - Total dislocation line length: 0.0, Dislocation density: 0.0
2025-08-22 08:19 - ml4cascades.lammps - INFO - Number of dislocation lines: 0
2025-08-22 08:19 - ml4cascades.lammps - INFO - Interstitial Clusters: Counter({1: 5})
2025-08-22 08:19 - ml4cascades.lammps - INFO - Total dislocation line length: 0.0, Dislocation density: 0.0
2025-08-22 08:19 - ml4cascades.lammps - INFO - Number of dislocation lines: 0
2025-08-22 08:20 - ml4cascades.lammps - INFO - index 26: hkl [0.31512092 0.34031413 0.88593741] 
2025-08-22 08:20 - ml4cascades.lammps - INFO - Vacancies: 2, Interstitials: 2
2025-08-22 08:20 - ml4cascades.lammps - INFO - Vacancy Clusters: Counter({2: 1})
2025-08-22 08:20 - ml4cascades.lammps - INFO - Total dislocation line length: 0.0, Dislocation density: 0.0
2025-08-22 08:20 - ml4cascades.lammps - INFO - Number of dislocation lines: 0
2025-08-22 08:20 - ml4cascades.lammps - INFO - Interstitial Clusters: Counter({2: 1})
2025-08-22 08:20 - ml4cascades.lammps - INFO - Total dislocation line length: 0.0, Dislocation density: 0.0
2025-08-22 08:20 - ml4cascades.lammps - INFO - Number of dislocation lines: 0
2025-08-22 08:20 - ml4cascades.lammps - INFO - index 27: hkl [0.41489987 0.1095436  0.90324874] 
2025-08-22 08:20 - ml4cascades.lammps - INFO - Vacancies: 48, Interstitials: 48
2025-08-22 08:20 - ml4cascades.lammps - INFO - Vacancy Clusters: Counter({1: 3, 2: 2, 17: 1, 13: 1, 7: 1, 4: 1})
2025-08-22 08:20 - ml4cascades.lammps - INFO - Total dislocation line length: 0.0, Dislocation density: 0.0
2025-08-22 08:20 - ml4cascades.lammps - INFO - Number of dislocation lines: 0
2025-08-22 08:20 - ml4cascades.lammps - INFO - Interstitial Clusters: Counter({1: 3, 2: 2, 17: 1, 13: 1, 7: 1, 4: 1})
2025-08-22 08:20 - ml4cascades.lammps - INFO - Total dislocation line length: 0.0, Dislocation density: 0.0
2025-08-22 08:20 - ml4cascades.lammps - INFO - Number of dislocation lines: 0
2025-08-22 08:20 - ml4cascades.lammps - INFO - index 28: hkl [0.43723834 0.00775167 0.89931226] 
2025-08-22 08:20 - ml4cascades.lammps - INFO - Vacancies: 2, Interstitials: 2
2025-08-22 08:20 - ml4cascades.lammps - INFO - Vacancy Clusters: Counter({2: 1})
2025-08-22 08:20 - ml4cascades.lammps - INFO - Total dislocation line length: 0.0, Dislocation density: 0.0
2025-08-22 08:20 - ml4cascades.lammps - INFO - Number of dislocation lines: 0
2025-08-22 08:20 - ml4cascades.lammps - INFO - Interstitial Clusters: Counter({1: 2})
2025-08-22 08:20 - ml4cascades.lammps - INFO - Total dislocation line length: 0.0, Dislocation density: 0.0
2025-08-22 08:20 - ml4cascades.lammps - INFO - Number of dislocation lines: 0
2025-08-22 08:20 - ml4cascades.lammps - INFO - index 29: hkl [0.40456621 0.47788918 0.77971027] 
2025-08-22 08:20 - ml4cascades.lammps - INFO - Vacancies: 35, Interstitials: 35
2025-08-22 08:20 - ml4cascades.lammps - INFO - Vacancy Clusters: Counter({1: 3, 3: 2, 18: 1, 6: 1, 2: 1})
2025-08-22 08:20 - ml4cascades.lammps - INFO - Total dislocation line length: 0.0, Dislocation density: 0.0
2025-08-22 08:20 - ml4cascades.lammps - INFO - Number of dislocation lines: 0
2025-08-22 08:20 - ml4cascades.lammps - INFO - Interstitial Clusters: Counter({1: 5, 3: 2, 18: 1, 4: 1, 2: 1})
2025-08-22 08:20 - ml4cascades.lammps - INFO - Total dislocation line length: 0.0, Dislocation density: 0.0
2025-08-22 08:20 - ml4cascades.lammps - INFO - Number of dislocation lines: 0
2025-08-22 08:20 - ml4cascades.lammps - INFO - correct cluster count: 30 for energy 100 eV
2025-08-22 08:20 - ml4cascades.lammps - INFO - Energy: 100 eV, number of vac clusters by size: [52, 4, 2, 22]
2025-08-22 08:20 - ml4cascades.lammps - INFO - Energy: 100 eV, number of inter clusters by size: [66, 4, 2, 16]
2025-08-22 08:20 - ml4cascades.lammps - INFO - ---------------------------------------------------
2025-08-22 08:20 - ml4cascades.lammps - INFO - Post-processing for energy: 1000 eV
2025-08-22 08:22 - ml4cascades.lammps - INFO - index 0: hkl [0.29552945 0.02037054 0.95511643] 
2025-08-22 08:22 - ml4cascades.lammps - INFO - Vacancies: 15, Interstitials: 14
2025-08-22 08:22 - ml4cascades.lammps - WARNING - !!!Mismatch in vacancies and interstitials, ignore.
2025-08-22 08:22 - ml4cascades.lammps - INFO - Vacancy Clusters: Counter({1: 7, 5: 1, 3: 1})
2025-08-22 08:22 - ml4cascades.lammps - INFO - Total dislocation line length: 0.0, Dislocation density: 0.0
2025-08-22 08:22 - ml4cascades.lammps - INFO - Number of dislocation lines: 0
2025-08-22 08:22 - ml4cascades.lammps - INFO - Interstitial Clusters: Counter({1: 8, 2: 3})
2025-08-22 08:22 - ml4cascades.lammps - INFO - Total dislocation line length: 0.0, Dislocation density: 0.0
2025-08-22 08:22 - ml4cascades.lammps - INFO - Number of dislocation lines: 0
2025-08-22 08:24 - ml4cascades.lammps - INFO - index 1: hkl [0.48167057 0.30553306 0.82136655] 
2025-08-22 08:24 - ml4cascades.lammps - INFO - Vacancies: 15, Interstitials: 15
2025-08-22 08:24 - ml4cascades.lammps - INFO - Vacancy Clusters: Counter({1: 2, 11: 1, 2: 1})
2025-08-22 08:24 - ml4cascades.lammps - INFO - Total dislocation line length: 0.0, Dislocation density: 0.0
2025-08-22 08:24 - ml4cascades.lammps - INFO - Number of dislocation lines: 0
2025-08-22 08:24 - ml4cascades.lammps - INFO - Interstitial Clusters: Counter({1: 5, 10: 1})
2025-08-22 08:24 - ml4cascades.lammps - INFO - Total dislocation line length: 0.0, Dislocation density: 0.0
2025-08-22 08:24 - ml4cascades.lammps - INFO - Number of dislocation lines: 0
2025-08-22 08:25 - ml4cascades.lammps - INFO - index 2: hkl [0.20197498 0.27785259 0.9391507 ] 
2025-08-22 08:25 - ml4cascades.lammps - INFO - Vacancies: 15, Interstitials: 15
2025-08-22 08:25 - ml4cascades.lammps - INFO - Vacancy Clusters: Counter({14: 1, 1: 1})
2025-08-22 08:25 - ml4cascades.lammps - INFO - Total dislocation line length: 0.0, Dislocation density: 0.0
2025-08-22 08:25 - ml4cascades.lammps - INFO - Number of dislocation lines: 0
2025-08-22 08:25 - ml4cascades.lammps - INFO - Interstitial Clusters: Counter({1: 3, 5: 2, 2: 1})
2025-08-22 08:25 - ml4cascades.lammps - INFO - Total dislocation line length: 0.0, Dislocation density: 0.0
2025-08-22 08:25 - ml4cascades.lammps - INFO - Number of dislocation lines: 0
2025-08-22 08:27 - ml4cascades.lammps - INFO - index 3: hkl [0.29815221 0.34974124 0.88813643] 
2025-08-22 08:27 - ml4cascades.lammps - INFO - Vacancies: 13, Interstitials: 13
2025-08-22 08:27 - ml4cascades.lammps - INFO - Vacancy Clusters: Counter({11: 1, 2: 1})
2025-08-22 08:27 - ml4cascades.lammps - INFO - Total dislocation line length: 0.0, Dislocation density: 0.0
2025-08-22 08:27 - ml4cascades.lammps - INFO - Number of dislocation lines: 0
2025-08-22 08:27 - ml4cascades.lammps - INFO - Interstitial Clusters: Counter({1: 9, 2: 2})
2025-08-22 08:27 - ml4cascades.lammps - INFO - Total dislocation line length: 0.0, Dislocation density: 0.0
2025-08-22 08:27 - ml4cascades.lammps - INFO - Number of dislocation lines: 0
2025-08-22 08:29 - ml4cascades.lammps - INFO - index 4: hkl [0.27762207 0.02988676 0.96022537] 
2025-08-22 08:29 - ml4cascades.lammps - INFO - Vacancies: 10, Interstitials: 10
2025-08-22 08:29 - ml4cascades.lammps - INFO - Vacancy Clusters: Counter({1: 2, 5: 1, 3: 1})
2025-08-22 08:29 - ml4cascades.lammps - INFO - Total dislocation line length: 0.0, Dislocation density: 0.0
2025-08-22 08:29 - ml4cascades.lammps - INFO - Number of dislocation lines: 0
2025-08-22 08:29 - ml4cascades.lammps - INFO - Interstitial Clusters: Counter({1: 6, 4: 1})
2025-08-22 08:29 - ml4cascades.lammps - INFO - Total dislocation line length: 0.0, Dislocation density: 0.0
2025-08-22 08:29 - ml4cascades.lammps - INFO - Number of dislocation lines: 0
2025-08-22 08:30 - ml4cascades.lammps - INFO - index 5: hkl [0.29579411 0.3567087  0.88615165] 
2025-08-22 08:30 - ml4cascades.lammps - INFO - Vacancies: 15, Interstitials: 14
2025-08-22 08:30 - ml4cascades.lammps - WARNING - !!!Mismatch in vacancies and interstitials, ignore.
2025-08-22 08:30 - ml4cascades.lammps - INFO - Vacancy Clusters: Counter({15: 1})
2025-08-22 08:30 - ml4cascades.lammps - INFO - Total dislocation line length: 0.0, Dislocation density: 0.0
2025-08-22 08:30 - ml4cascades.lammps - INFO - Number of dislocation lines: 0
2025-08-22 08:30 - ml4cascades.lammps - INFO - Interstitial Clusters: Counter({1: 7, 5: 1, 2: 1})
2025-08-22 08:30 - ml4cascades.lammps - INFO - Total dislocation line length: 0.0, Dislocation density: 0.0
2025-08-22 08:30 - ml4cascades.lammps - INFO - Number of dislocation lines: 0
2025-08-22 08:32 - ml4cascades.lammps - INFO - index 6: hkl [0.47125234 0.09818456 0.87651641] 
2025-08-22 08:32 - ml4cascades.lammps - INFO - Vacancies: 13, Interstitials: 13
2025-08-22 08:32 - ml4cascades.lammps - INFO - Vacancy Clusters: Counter({2: 2, 5: 1, 3: 1, 1: 1})
2025-08-22 08:32 - ml4cascades.lammps - INFO - Total dislocation line length: 0.0, Dislocation density: 0.0
2025-08-22 08:32 - ml4cascades.lammps - INFO - Number of dislocation lines: 0
2025-08-22 08:32 - ml4cascades.lammps - INFO - Interstitial Clusters: Counter({1: 5, 2: 4})
2025-08-22 08:32 - ml4cascades.lammps - INFO - Total dislocation line length: 0.0, Dislocation density: 0.0
2025-08-22 08:32 - ml4cascades.lammps - INFO - Number of dislocation lines: 0
2025-08-22 08:32 - ml4cascades.lammps - INFO - Skipping hkl [0.32218753 0.14548076 0.93543067] (index 7) for energy 1000 eV: final time 0.30707753121158 ps < 30 ps.
2025-08-22 08:34 - ml4cascades.lammps - INFO - index 8: hkl [0.59252605 0.32000014 0.73926504] 
2025-08-22 08:34 - ml4cascades.lammps - INFO - Vacancies: 13, Interstitials: 13
2025-08-22 08:34 - ml4cascades.lammps - INFO - Vacancy Clusters: Counter({2: 2, 1: 2, 7: 1})
2025-08-22 08:34 - ml4cascades.lammps - INFO - Total dislocation line length: 0.0, Dislocation density: 0.0
2025-08-22 08:34 - ml4cascades.lammps - INFO - Number of dislocation lines: 0
2025-08-22 08:34 - ml4cascades.lammps - INFO - Interstitial Clusters: Counter({1: 8, 3: 1, 2: 1})
2025-08-22 08:34 - ml4cascades.lammps - INFO - Total dislocation line length: 0.0, Dislocation density: 0.0
2025-08-22 08:34 - ml4cascades.lammps - INFO - Number of dislocation lines: 0
2025-08-22 08:36 - ml4cascades.lammps - INFO - index 9: hkl [0.53684756 0.31117385 0.78419738] 
2025-08-22 08:36 - ml4cascades.lammps - INFO - Vacancies: 17, Interstitials: 17
2025-08-22 08:36 - ml4cascades.lammps - INFO - Vacancy Clusters: Counter({17: 1})
2025-08-22 08:36 - ml4cascades.lammps - INFO - Total dislocation line length: 0.0, Dislocation density: 0.0
2025-08-22 08:36 - ml4cascades.lammps - INFO - Number of dislocation lines: 0
2025-08-22 08:36 - ml4cascades.lammps - INFO - Interstitial Clusters: Counter({2: 4, 1: 3, 6: 1})
2025-08-22 08:36 - ml4cascades.lammps - INFO - Total dislocation line length: 0.0, Dislocation density: 0.0
2025-08-22 08:36 - ml4cascades.lammps - INFO - Number of dislocation lines: 0
2025-08-22 08:37 - ml4cascades.lammps - INFO - index 10: hkl [0.58110627 0.29987122 0.75656643] 
2025-08-22 08:37 - ml4cascades.lammps - INFO - Vacancies: 12, Interstitials: 12
2025-08-22 08:37 - ml4cascades.lammps - INFO - Vacancy Clusters: Counter({1: 4, 8: 1})
2025-08-22 08:37 - ml4cascades.lammps - INFO - Total dislocation line length: 0.0, Dislocation density: 0.0
2025-08-22 08:37 - ml4cascades.lammps - INFO - Number of dislocation lines: 0
2025-08-22 08:37 - ml4cascades.lammps - INFO - Interstitial Clusters: Counter({1: 9, 3: 1})
2025-08-22 08:37 - ml4cascades.lammps - INFO - Total dislocation line length: 0.0, Dislocation density: 0.0
2025-08-22 08:37 - ml4cascades.lammps - INFO - Number of dislocation lines: 0
2025-08-22 08:39 - ml4cascades.lammps - INFO - index 11: hkl [0.28788124 0.25573723 0.92288832] 
2025-08-22 08:39 - ml4cascades.lammps - INFO - Vacancies: 11, Interstitials: 10
2025-08-22 08:39 - ml4cascades.lammps - WARNING - !!!Mismatch in vacancies and interstitials, ignore.
2025-08-22 08:39 - ml4cascades.lammps - INFO - Vacancy Clusters: Counter({10: 1, 1: 1})
2025-08-22 08:39 - ml4cascades.lammps - INFO - Total dislocation line length: 0.0, Dislocation density: 0.0
2025-08-22 08:39 - ml4cascades.lammps - INFO - Number of dislocation lines: 0
2025-08-22 08:39 - ml4cascades.lammps - INFO - Interstitial Clusters: Counter({1: 5, 3: 1, 2: 1})
2025-08-22 08:39 - ml4cascades.lammps - INFO - Total dislocation line length: 0.0, Dislocation density: 0.0
2025-08-22 08:39 - ml4cascades.lammps - INFO - Number of dislocation lines: 0
2025-08-22 08:41 - ml4cascades.lammps - INFO - index 12: hkl [0.54716973 0.19652771 0.81362285] 
2025-08-22 08:41 - ml4cascades.lammps - INFO - Vacancies: 14, Interstitials: 14
2025-08-22 08:41 - ml4cascades.lammps - INFO - Vacancy Clusters: Counter({3: 2, 5: 1, 2: 1, 1: 1})
2025-08-22 08:41 - ml4cascades.lammps - INFO - Total dislocation line length: 0.0, Dislocation density: 0.0
2025-08-22 08:41 - ml4cascades.lammps - INFO - Number of dislocation lines: 0
2025-08-22 08:41 - ml4cascades.lammps - INFO - Interstitial Clusters: Counter({1: 7, 2: 2, 3: 1})
2025-08-22 08:41 - ml4cascades.lammps - INFO - Total dislocation line length: 0.0, Dislocation density: 0.0
2025-08-22 08:41 - ml4cascades.lammps - INFO - Number of dislocation lines: 0
2025-08-22 08:43 - ml4cascades.lammps - INFO - index 13: hkl [0.4589356  0.05714766 0.88662972] 
2025-08-22 08:43 - ml4cascades.lammps - INFO - Vacancies: 15, Interstitials: 14
2025-08-22 08:43 - ml4cascades.lammps - WARNING - !!!Mismatch in vacancies and interstitials, ignore.
2025-08-22 08:43 - ml4cascades.lammps - INFO - Vacancy Clusters: Counter({2: 2, 10: 1, 1: 1})
2025-08-22 08:43 - ml4cascades.lammps - INFO - Total dislocation line length: 0.0, Dislocation density: 0.0
2025-08-22 08:43 - ml4cascades.lammps - INFO - Number of dislocation lines: 0
2025-08-22 08:43 - ml4cascades.lammps - INFO - Interstitial Clusters: Counter({1: 10, 4: 1})
2025-08-22 08:43 - ml4cascades.lammps - INFO - Total dislocation line length: 0.0, Dislocation density: 0.0
2025-08-22 08:43 - ml4cascades.lammps - INFO - Number of dislocation lines: 0
2025-08-22 08:44 - ml4cascades.lammps - INFO - index 14: hkl [0.34923203 0.32139822 0.88019326] 
2025-08-22 08:44 - ml4cascades.lammps - INFO - Vacancies: 14, Interstitials: 14
2025-08-22 08:44 - ml4cascades.lammps - INFO - Vacancy Clusters: Counter({1: 3, 5: 1, 4: 1, 2: 1})
2025-08-22 08:44 - ml4cascades.lammps - INFO - Total dislocation line length: 0.0, Dislocation density: 0.0
2025-08-22 08:44 - ml4cascades.lammps - INFO - Number of dislocation lines: 0
2025-08-22 08:44 - ml4cascades.lammps - INFO - Interstitial Clusters: Counter({1: 12, 2: 1})
2025-08-22 08:44 - ml4cascades.lammps - INFO - Total dislocation line length: 0.0, Dislocation density: 0.0
2025-08-22 08:44 - ml4cascades.lammps - INFO - Number of dislocation lines: 0
2025-08-22 08:46 - ml4cascades.lammps - INFO - index 15: hkl [0.30518669 0.37323005 0.87610525] 
2025-08-22 08:46 - ml4cascades.lammps - INFO - Vacancies: 15, Interstitials: 15
2025-08-22 08:46 - ml4cascades.lammps - INFO - Vacancy Clusters: Counter({4: 2, 6: 1, 1: 1})
2025-08-22 08:46 - ml4cascades.lammps - INFO - Total dislocation line length: 0.0, Dislocation density: 0.0
2025-08-22 08:46 - ml4cascades.lammps - INFO - Number of dislocation lines: 0
2025-08-22 08:46 - ml4cascades.lammps - INFO - Interstitial Clusters: Counter({1: 6, 2: 3, 3: 1})
2025-08-22 08:46 - ml4cascades.lammps - INFO - Total dislocation line length: 0.0, Dislocation density: 0.0
2025-08-22 08:46 - ml4cascades.lammps - INFO - Number of dislocation lines: 0
2025-08-22 08:48 - ml4cascades.lammps - INFO - index 16: hkl [0.56940187 0.21908347 0.79232818] 
2025-08-22 08:48 - ml4cascades.lammps - INFO - Vacancies: 19, Interstitials: 19
2025-08-22 08:48 - ml4cascades.lammps - INFO - Vacancy Clusters: Counter({1: 2, 14: 1, 3: 1})
2025-08-22 08:48 - ml4cascades.lammps - INFO - Total dislocation line length: 0.0, Dislocation density: 0.0
2025-08-22 08:48 - ml4cascades.lammps - INFO - Number of dislocation lines: 0
2025-08-22 08:48 - ml4cascades.lammps - INFO - Interstitial Clusters: Counter({1: 10, 9: 1})
2025-08-22 08:48 - ml4cascades.lammps - INFO - Total dislocation line length: 0.0, Dislocation density: 0.0
2025-08-22 08:48 - ml4cascades.lammps - INFO - Number of dislocation lines: 0
2025-08-22 08:50 - ml4cascades.lammps - INFO - index 17: hkl [0.36989954 0.36411423 0.8547486 ] 
2025-08-22 08:50 - ml4cascades.lammps - INFO - Vacancies: 13, Interstitials: 13
2025-08-22 08:50 - ml4cascades.lammps - INFO - Vacancy Clusters: Counter({4: 2, 5: 1})
2025-08-22 08:50 - ml4cascades.lammps - INFO - Total dislocation line length: 0.0, Dislocation density: 0.0
2025-08-22 08:50 - ml4cascades.lammps - INFO - Number of dislocation lines: 0
2025-08-22 08:50 - ml4cascades.lammps - INFO - Interstitial Clusters: Counter({1: 7, 2: 3})
2025-08-22 08:50 - ml4cascades.lammps - INFO - Total dislocation line length: 0.0, Dislocation density: 0.0
2025-08-22 08:50 - ml4cascades.lammps - INFO - Number of dislocation lines: 0
2025-08-22 08:51 - ml4cascades.lammps - INFO - index 18: hkl [0.6139283  0.34680314 0.70909775] 
2025-08-22 08:51 - ml4cascades.lammps - INFO - Vacancies: 11, Interstitials: 11
2025-08-22 08:51 - ml4cascades.lammps - INFO - Vacancy Clusters: Counter({1: 5, 6: 1})
2025-08-22 08:51 - ml4cascades.lammps - INFO - Total dislocation line length: 0.0, Dislocation density: 0.0
2025-08-22 08:51 - ml4cascades.lammps - INFO - Number of dislocation lines: 0
2025-08-22 08:51 - ml4cascades.lammps - INFO - Interstitial Clusters: Counter({1: 4, 5: 1, 2: 1})
2025-08-22 08:51 - ml4cascades.lammps - INFO - Total dislocation line length: 0.0, Dislocation density: 0.0
2025-08-22 08:51 - ml4cascades.lammps - INFO - Number of dislocation lines: 0
2025-08-22 08:53 - ml4cascades.lammps - INFO - index 19: hkl [0.54912575 0.19554725 0.81254057] 
2025-08-22 08:53 - ml4cascades.lammps - INFO - Vacancies: 15, Interstitials: 15
2025-08-22 08:53 - ml4cascades.lammps - INFO - Vacancy Clusters: Counter({12: 1, 3: 1})
2025-08-22 08:53 - ml4cascades.lammps - INFO - Total dislocation line length: 0.0, Dislocation density: 0.0
2025-08-22 08:53 - ml4cascades.lammps - INFO - Number of dislocation lines: 0
2025-08-22 08:53 - ml4cascades.lammps - INFO - Interstitial Clusters: Counter({1: 6, 2: 3, 3: 1})
2025-08-22 08:53 - ml4cascades.lammps - INFO - Total dislocation line length: 0.0, Dislocation density: 0.0
2025-08-22 08:53 - ml4cascades.lammps - INFO - Number of dislocation lines: 0
2025-08-22 08:55 - ml4cascades.lammps - INFO - index 20: hkl [0.30011285 0.03199562 0.95336696] 
2025-08-22 08:55 - ml4cascades.lammps - INFO - Vacancies: 11, Interstitials: 11
2025-08-22 08:55 - ml4cascades.lammps - INFO - Vacancy Clusters: Counter({1: 5, 6: 1})
2025-08-22 08:55 - ml4cascades.lammps - INFO - Total dislocation line length: 0.0, Dislocation density: 0.0
2025-08-22 08:55 - ml4cascades.lammps - INFO - Number of dislocation lines: 0
2025-08-22 08:55 - ml4cascades.lammps - INFO - Interstitial Clusters: Counter({1: 7, 2: 2})
2025-08-22 08:55 - ml4cascades.lammps - INFO - Total dislocation line length: 0.0, Dislocation density: 0.0
2025-08-22 08:55 - ml4cascades.lammps - INFO - Number of dislocation lines: 0
2025-08-22 08:57 - ml4cascades.lammps - INFO - index 21: hkl [0.47109182 0.28107537 0.83610354] 
2025-08-22 08:57 - ml4cascades.lammps - INFO - Vacancies: 15, Interstitials: 15
2025-08-22 08:57 - ml4cascades.lammps - INFO - Vacancy Clusters: Counter({1: 2, 9: 1, 4: 1})
2025-08-22 08:57 - ml4cascades.lammps - INFO - Total dislocation line length: 0.0, Dislocation density: 0.0
2025-08-22 08:57 - ml4cascades.lammps - INFO - Number of dislocation lines: 0
2025-08-22 08:57 - ml4cascades.lammps - INFO - Interstitial Clusters: Counter({1: 7, 3: 2, 2: 1})
2025-08-22 08:57 - ml4cascades.lammps - INFO - Total dislocation line length: 0.0, Dislocation density: 0.0
2025-08-22 08:57 - ml4cascades.lammps - INFO - Number of dislocation lines: 0
2025-08-22 08:58 - ml4cascades.lammps - INFO - index 22: hkl [0.38548268 0.50714355 0.77084923] 
2025-08-22 08:58 - ml4cascades.lammps - INFO - Vacancies: 12, Interstitials: 12
2025-08-22 08:58 - ml4cascades.lammps - INFO - Vacancy Clusters: Counter({8: 1, 3: 1, 1: 1})
2025-08-22 08:58 - ml4cascades.lammps - INFO - Total dislocation line length: 0.0, Dislocation density: 0.0
2025-08-22 08:58 - ml4cascades.lammps - INFO - Number of dislocation lines: 0
2025-08-22 08:58 - ml4cascades.lammps - INFO - Interstitial Clusters: Counter({1: 10, 2: 1})
2025-08-22 08:58 - ml4cascades.lammps - INFO - Total dislocation line length: 0.0, Dislocation density: 0.0
2025-08-22 08:58 - ml4cascades.lammps - INFO - Number of dislocation lines: 0
2025-08-22 09:00 - ml4cascades.lammps - INFO - index 23: hkl [0.30926768 0.12684511 0.94247749] 
2025-08-22 09:00 - ml4cascades.lammps - INFO - Vacancies: 16, Interstitials: 16
2025-08-22 09:00 - ml4cascades.lammps - INFO - Vacancy Clusters: Counter({1: 3, 8: 1, 3: 1, 2: 1})
2025-08-22 09:00 - ml4cascades.lammps - INFO - Total dislocation line length: 0.0, Dislocation density: 0.0
2025-08-22 09:00 - ml4cascades.lammps - INFO - Number of dislocation lines: 0
2025-08-22 09:00 - ml4cascades.lammps - INFO - Interstitial Clusters: Counter({1: 8, 3: 2, 2: 1})
2025-08-22 09:00 - ml4cascades.lammps - INFO - Total dislocation line length: 0.0, Dislocation density: 0.0
2025-08-22 09:00 - ml4cascades.lammps - INFO - Number of dislocation lines: 0
2025-08-22 09:02 - ml4cascades.lammps - INFO - index 24: hkl [0.58579777 0.36209835 0.72506948] 
2025-08-22 09:02 - ml4cascades.lammps - INFO - Vacancies: 19, Interstitials: 18
2025-08-22 09:02 - ml4cascades.lammps - WARNING - !!!Mismatch in vacancies and interstitials, ignore.
2025-08-22 09:02 - ml4cascades.lammps - INFO - Vacancy Clusters: Counter({1: 4, 4: 2, 2: 2, 3: 1})
2025-08-22 09:02 - ml4cascades.lammps - INFO - Total dislocation line length: 0.0, Dislocation density: 0.0
2025-08-22 09:02 - ml4cascades.lammps - INFO - Number of dislocation lines: 0
2025-08-22 09:02 - ml4cascades.lammps - INFO - Interstitial Clusters: Counter({1: 10, 2: 4})
2025-08-22 09:02 - ml4cascades.lammps - INFO - Total dislocation line length: 0.0, Dislocation density: 0.0
2025-08-22 09:02 - ml4cascades.lammps - INFO - Number of dislocation lines: 0
2025-08-22 09:04 - ml4cascades.lammps - INFO - index 25: hkl [0.51388914 0.36261566 0.77744958] 
2025-08-22 09:04 - ml4cascades.lammps - INFO - Vacancies: 16, Interstitials: 16
2025-08-22 09:04 - ml4cascades.lammps - INFO - Vacancy Clusters: Counter({14: 1, 2: 1})
2025-08-22 09:04 - ml4cascades.lammps - INFO - Total dislocation line length: 0.0, Dislocation density: 0.0
2025-08-22 09:04 - ml4cascades.lammps - INFO - Number of dislocation lines: 0
2025-08-22 09:04 - ml4cascades.lammps - INFO - Interstitial Clusters: Counter({1: 7, 7: 1, 2: 1})
2025-08-22 09:04 - ml4cascades.lammps - INFO - Total dislocation line length: 0.0, Dislocation density: 0.0
2025-08-22 09:04 - ml4cascades.lammps - INFO - Number of dislocation lines: 0
2025-08-22 09:05 - ml4cascades.lammps - INFO - index 26: hkl [0.31512092 0.34031413 0.88593741] 
2025-08-22 09:05 - ml4cascades.lammps - INFO - Vacancies: 14, Interstitials: 14
2025-08-22 09:05 - ml4cascades.lammps - INFO - Vacancy Clusters: Counter({8: 1, 4: 1, 2: 1})
2025-08-22 09:05 - ml4cascades.lammps - INFO - Total dislocation line length: 0.0, Dislocation density: 0.0
2025-08-22 09:05 - ml4cascades.lammps - INFO - Number of dislocation lines: 0
2025-08-22 09:05 - ml4cascades.lammps - INFO - Interstitial Clusters: Counter({1: 6, 2: 4})
2025-08-22 09:05 - ml4cascades.lammps - INFO - Total dislocation line length: 0.0, Dislocation density: 0.0
2025-08-22 09:05 - ml4cascades.lammps - INFO - Number of dislocation lines: 0
2025-08-22 09:07 - ml4cascades.lammps - INFO - index 27: hkl [0.41489987 0.1095436  0.90324874] 
2025-08-22 09:07 - ml4cascades.lammps - INFO - Vacancies: 11, Interstitials: 11
2025-08-22 09:07 - ml4cascades.lammps - INFO - Vacancy Clusters: Counter({3: 2, 4: 1, 1: 1})
2025-08-22 09:07 - ml4cascades.lammps - INFO - Total dislocation line length: 0.0, Dislocation density: 0.0
2025-08-22 09:07 - ml4cascades.lammps - INFO - Number of dislocation lines: 0
2025-08-22 09:07 - ml4cascades.lammps - INFO - Interstitial Clusters: Counter({1: 9, 2: 1})
2025-08-22 09:07 - ml4cascades.lammps - INFO - Total dislocation line length: 0.0, Dislocation density: 0.0
2025-08-22 09:07 - ml4cascades.lammps - INFO - Number of dislocation lines: 0
2025-08-22 09:09 - ml4cascades.lammps - INFO - index 28: hkl [0.43723834 0.00775167 0.89931226] 
2025-08-22 09:09 - ml4cascades.lammps - INFO - Vacancies: 13, Interstitials: 13
2025-08-22 09:09 - ml4cascades.lammps - INFO - Vacancy Clusters: Counter({2: 4, 4: 1, 1: 1})
2025-08-22 09:09 - ml4cascades.lammps - INFO - Total dislocation line length: 0.0, Dislocation density: 0.0
2025-08-22 09:09 - ml4cascades.lammps - INFO - Number of dislocation lines: 0
2025-08-22 09:09 - ml4cascades.lammps - INFO - Interstitial Clusters: Counter({1: 13})
2025-08-22 09:09 - ml4cascades.lammps - INFO - Total dislocation line length: 0.0, Dislocation density: 0.0
2025-08-22 09:09 - ml4cascades.lammps - INFO - Number of dislocation lines: 0
2025-08-22 09:10 - ml4cascades.lammps - INFO - index 29: hkl [0.40456621 0.47788918 0.77971027] 
2025-08-22 09:10 - ml4cascades.lammps - INFO - Vacancies: 15, Interstitials: 15
2025-08-22 09:10 - ml4cascades.lammps - INFO - Vacancy Clusters: Counter({4: 2, 5: 1, 2: 1})
2025-08-22 09:10 - ml4cascades.lammps - INFO - Total dislocation line length: 0.0, Dislocation density: 0.0
2025-08-22 09:10 - ml4cascades.lammps - INFO - Number of dislocation lines: 0
2025-08-22 09:10 - ml4cascades.lammps - INFO - Interstitial Clusters: Counter({1: 8, 2: 2, 3: 1})
2025-08-22 09:10 - ml4cascades.lammps - INFO - Total dislocation line length: 0.0, Dislocation density: 0.0
2025-08-22 09:10 - ml4cascades.lammps - INFO - Number of dislocation lines: 0
2025-08-22 09:10 - ml4cascades.lammps - INFO - correct cluster count: 29 for energy 1000 eV
2025-08-22 09:10 - ml4cascades.lammps - INFO - Energy: 1000 eV, number of vac clusters by size: [70, 20, 5, 26]
2025-08-22 09:10 - ml4cascades.lammps - INFO - Energy: 1000 eV, number of inter clusters by size: [262, 6, 1, 14]
2025-08-22 10:34 - ml4cascades.lammps - INFO - Saved hkl_list.dat to /scratch/phys/t30429_nume-dft-ml/04-Ruoyan/02-Paper2/02-cascade/ml4cascades/ml4cascades/lammps/results/pka/MEAM/100/hkl_list.dat
2025-08-22 10:34 - ml4cascades.lammps - INFO - ------------------Cascade simulation for energy: 100 eV, supercell size: 7 --------------------
2025-08-22 10:34 - ml4cascades.lammps - INFO - PKA ID: 1382 with Velocities: -48.17, -3.32, -155.67 ang/ps
2025-08-22 10:34 - ml4cascades.lammps - INFO - PKA ID: 1772 with Velocities: -78.51, -49.80, -133.87 ang/ps
2025-08-22 10:34 - ml4cascades.lammps - INFO - PKA ID: 1392 with Velocities: -32.92, -45.29, -153.07 ang/ps
2025-08-22 10:34 - ml4cascades.lammps - INFO - PKA ID: 1833 with Velocities: -48.60, -57.00, -144.76 ang/ps
2025-08-22 10:34 - ml4cascades.lammps - INFO - PKA ID: 1391 with Velocities: -45.25, -4.87, -156.51 ang/ps
2025-08-22 10:34 - ml4cascades.lammps - INFO - PKA ID: 1833 with Velocities: -48.21, -58.14, -144.43 ang/ps
2025-08-22 10:34 - ml4cascades.lammps - INFO - PKA ID: 1772 with Velocities: -76.81, -16.00, -142.86 ang/ps
2025-08-22 10:34 - ml4cascades.lammps - INFO - PKA ID: 1392 with Velocities: -52.51, -23.71, -152.46 ang/ps
2025-08-22 10:34 - ml4cascades.lammps - INFO - PKA ID: 1829 with Velocities: -96.58, -52.16, -120.49 ang/ps
2025-08-22 10:34 - ml4cascades.lammps - INFO - PKA ID: 1772 with Velocities: -87.50, -50.72, -127.82 ang/ps
2025-08-22 10:34 - ml4cascades.lammps - INFO - PKA ID: 1772 with Velocities: -94.71, -48.88, -123.31 ang/ps
2025-08-22 10:34 - ml4cascades.lammps - INFO - PKA ID: 1833 with Velocities: -46.92, -41.68, -150.42 ang/ps
2025-08-22 10:34 - ml4cascades.lammps - INFO - PKA ID: 1772 with Velocities: -89.18, -32.03, -132.61 ang/ps
2025-08-22 10:34 - ml4cascades.lammps - INFO - PKA ID: 1783 with Velocities: -74.80, -9.31, -144.51 ang/ps
2025-08-22 10:34 - ml4cascades.lammps - INFO - PKA ID: 1833 with Velocities: -56.92, -52.38, -143.46 ang/ps
2025-08-22 10:34 - ml4cascades.lammps - INFO - PKA ID: 1833 with Velocities: -49.74, -60.83, -142.80 ang/ps
2025-08-22 10:34 - ml4cascades.lammps - INFO - PKA ID: 1772 with Velocities: -92.81, -35.71, -129.14 ang/ps
2025-08-22 10:34 - ml4cascades.lammps - INFO - PKA ID: 1833 with Velocities: -60.29, -59.35, -139.31 ang/ps
2025-08-22 10:34 - ml4cascades.lammps - INFO - PKA ID: 1829 with Velocities: -100.06, -56.53, -115.57 ang/ps
2025-08-22 10:34 - ml4cascades.lammps - INFO - PKA ID: 1772 with Velocities: -89.50, -31.87, -132.44 ang/ps
2025-08-22 10:34 - ml4cascades.lammps - INFO - PKA ID: 1382 with Velocities: -48.92, -5.21, -155.39 ang/ps
2025-08-22 10:34 - ml4cascades.lammps - INFO - PKA ID: 1772 with Velocities: -76.78, -45.81, -136.28 ang/ps
2025-08-22 10:34 - ml4cascades.lammps - INFO - PKA ID: 1438 with Velocities: -62.83, -82.66, -125.64 ang/ps
2025-08-22 10:34 - ml4cascades.lammps - INFO - PKA ID: 1392 with Velocities: -50.41, -20.67, -153.61 ang/ps
2025-08-22 10:34 - ml4cascades.lammps - INFO - PKA ID: 1829 with Velocities: -95.48, -59.02, -118.18 ang/ps
2025-08-22 10:34 - ml4cascades.lammps - INFO - PKA ID: 1772 with Velocities: -83.76, -59.10, -126.72 ang/ps
2025-08-22 10:34 - ml4cascades.lammps - INFO - PKA ID: 1833 with Velocities: -51.36, -55.47, -144.40 ang/ps
2025-08-22 10:34 - ml4cascades.lammps - INFO - PKA ID: 1772 with Velocities: -67.62, -17.85, -147.22 ang/ps
2025-08-22 10:34 - ml4cascades.lammps - INFO - PKA ID: 1778 with Velocities: -71.26, -1.26, -146.58 ang/ps
2025-08-22 10:34 - ml4cascades.lammps - INFO - PKA ID: 1438 with Velocities: -65.94, -77.89, -127.08 ang/ps
2025-08-22 10:44 - ml4cascades.lammps - INFO - Saved hkl_list.dat to /scratch/phys/t30429_nume-dft-ml/04-Ruoyan/02-Paper2/02-cascade/ml4cascades/ml4cascades/lammps/results/pka/MEAM/100/hkl_list.dat
2025-08-22 10:44 - ml4cascades.lammps - INFO - --------------------------------------Check supercell size ----------------------------------------
2025-08-22 10:44 - ml4cascades.lammps - INFO - Energy: 100 eV, Failed cases: 0 for energy 100 eV with size 7.
2025-08-22 10:44 - ml4cascades.lammps - INFO - Saved hkl_list.dat to /scratch/phys/t30429_nume-dft-ml/04-Ruoyan/02-Paper2/02-cascade/ml4cascades/ml4cascades/lammps/results/pka/MEAM/100/hkl_list.dat
2025-08-22 10:44 - ml4cascades.lammps - INFO - --------------------------------------Post-processing simulations ----------------------------------------
2025-08-22 10:44 - ml4cascades.lammps - INFO - ---------------------------------------------------
2025-08-22 10:44 - ml4cascades.lammps - INFO - Post-processing for energy: 100 eV
2025-08-22 10:44 - ml4cascades.lammps - INFO - index 0: hkl [0.29552945 0.02037054 0.95511643] 
2025-08-22 10:44 - ml4cascades.lammps - INFO - Vacancies: 3, Interstitials: 3
2025-08-22 10:44 - ml4cascades.lammps - INFO - Vacancy Clusters: Counter({3: 1})
2025-08-22 10:44 - ml4cascades.lammps - INFO - Total dislocation line length: 0.0, Dislocation density: 0.0
2025-08-22 10:44 - ml4cascades.lammps - INFO - Number of dislocation lines: 0
2025-08-22 10:44 - ml4cascades.lammps - INFO - Interstitial Clusters: Counter({3: 1})
2025-08-22 10:44 - ml4cascades.lammps - INFO - Total dislocation line length: 0.0, Dislocation density: 0.0
2025-08-22 10:44 - ml4cascades.lammps - INFO - Number of dislocation lines: 0
2025-08-22 10:45 - ml4cascades.lammps - INFO - index 1: hkl [0.48167057 0.30553306 0.82136655] 
2025-08-22 10:45 - ml4cascades.lammps - INFO - Vacancies: 1, Interstitials: 1
2025-08-22 10:45 - ml4cascades.lammps - INFO - Vacancy Clusters: Counter({1: 1})
2025-08-22 10:45 - ml4cascades.lammps - INFO - Total dislocation line length: 0.0, Dislocation density: 0.0
2025-08-22 10:45 - ml4cascades.lammps - INFO - Number of dislocation lines: 0
2025-08-22 10:45 - ml4cascades.lammps - INFO - Interstitial Clusters: Counter({1: 1})
2025-08-22 10:45 - ml4cascades.lammps - INFO - Total dislocation line length: 0.0, Dislocation density: 0.0
2025-08-22 10:45 - ml4cascades.lammps - INFO - Number of dislocation lines: 0
2025-08-22 10:45 - ml4cascades.lammps - INFO - index 2: hkl [0.20197498 0.27785259 0.9391507 ] 
2025-08-22 10:45 - ml4cascades.lammps - INFO - Vacancies: 2, Interstitials: 2
2025-08-22 10:45 - ml4cascades.lammps - INFO - Vacancy Clusters: Counter({2: 1})
2025-08-22 10:45 - ml4cascades.lammps - INFO - Total dislocation line length: 0.0, Dislocation density: 0.0
2025-08-22 10:45 - ml4cascades.lammps - INFO - Number of dislocation lines: 0
2025-08-22 10:45 - ml4cascades.lammps - INFO - Interstitial Clusters: Counter({2: 1})
2025-08-22 10:45 - ml4cascades.lammps - INFO - Total dislocation line length: 0.0, Dislocation density: 0.0
2025-08-22 10:45 - ml4cascades.lammps - INFO - Number of dislocation lines: 0
2025-08-22 10:45 - ml4cascades.lammps - INFO - index 3: hkl [0.29815221 0.34974124 0.88813643] 
2025-08-22 10:45 - ml4cascades.lammps - INFO - Vacancies: 1, Interstitials: 1
2025-08-22 10:45 - ml4cascades.lammps - INFO - Vacancy Clusters: Counter({1: 1})
2025-08-22 10:45 - ml4cascades.lammps - INFO - Total dislocation line length: 0.0, Dislocation density: 0.0
2025-08-22 10:45 - ml4cascades.lammps - INFO - Number of dislocation lines: 0
2025-08-22 10:45 - ml4cascades.lammps - INFO - Interstitial Clusters: Counter({1: 1})
2025-08-22 10:45 - ml4cascades.lammps - INFO - Total dislocation line length: 0.0, Dislocation density: 0.0
2025-08-22 10:45 - ml4cascades.lammps - INFO - Number of dislocation lines: 0
2025-08-22 10:45 - ml4cascades.lammps - INFO - index 4: hkl [0.27762207 0.02988676 0.96022537] 
2025-08-22 10:45 - ml4cascades.lammps - INFO - Vacancies: 1, Interstitials: 1
2025-08-22 10:45 - ml4cascades.lammps - INFO - Vacancy Clusters: Counter({1: 1})
2025-08-22 10:45 - ml4cascades.lammps - INFO - Total dislocation line length: 0.0, Dislocation density: 0.0
2025-08-22 10:45 - ml4cascades.lammps - INFO - Number of dislocation lines: 0
2025-08-22 10:45 - ml4cascades.lammps - INFO - Interstitial Clusters: Counter({1: 1})
2025-08-22 10:45 - ml4cascades.lammps - INFO - Total dislocation line length: 0.0, Dislocation density: 0.0
2025-08-22 10:45 - ml4cascades.lammps - INFO - Number of dislocation lines: 0
2025-08-22 10:45 - ml4cascades.lammps - INFO - index 5: hkl [0.29579411 0.3567087  0.88615165] 
2025-08-22 10:45 - ml4cascades.lammps - INFO - Vacancies: 2, Interstitials: 2
2025-08-22 10:45 - ml4cascades.lammps - INFO - Vacancy Clusters: Counter({1: 2})
2025-08-22 10:45 - ml4cascades.lammps - INFO - Total dislocation line length: 0.0, Dislocation density: 0.0
2025-08-22 10:45 - ml4cascades.lammps - INFO - Number of dislocation lines: 0
2025-08-22 10:45 - ml4cascades.lammps - INFO - Interstitial Clusters: Counter({2: 1})
2025-08-22 10:45 - ml4cascades.lammps - INFO - Total dislocation line length: 0.0, Dislocation density: 0.0
2025-08-22 10:45 - ml4cascades.lammps - INFO - Number of dislocation lines: 0
2025-08-22 10:45 - ml4cascades.lammps - INFO - index 6: hkl [0.47125234 0.09818456 0.87651641] 
2025-08-22 10:45 - ml4cascades.lammps - INFO - Vacancies: 0, Interstitials: 0
2025-08-22 10:45 - ml4cascades.lammps - INFO - Vacancy Clusters: Counter()
2025-08-22 10:45 - ml4cascades.lammps - INFO - Total dislocation line length: 0.0, Dislocation density: 0.0
2025-08-22 10:45 - ml4cascades.lammps - INFO - Number of dislocation lines: 0
2025-08-22 10:45 - ml4cascades.lammps - INFO - Interstitial Clusters: Counter()
2025-08-22 10:45 - ml4cascades.lammps - INFO - Total dislocation line length: 0.0, Dislocation density: 0.0
2025-08-22 10:45 - ml4cascades.lammps - INFO - Number of dislocation lines: 0
2025-08-22 10:45 - ml4cascades.lammps - INFO - index 7: hkl [0.32218753 0.14548076 0.93543067] 
2025-08-22 10:45 - ml4cascades.lammps - INFO - Vacancies: 1, Interstitials: 1
2025-08-22 10:45 - ml4cascades.lammps - INFO - Vacancy Clusters: Counter({1: 1})
2025-08-22 10:45 - ml4cascades.lammps - INFO - Total dislocation line length: 0.0, Dislocation density: 0.0
2025-08-22 10:45 - ml4cascades.lammps - INFO - Number of dislocation lines: 0
2025-08-22 10:45 - ml4cascades.lammps - INFO - Interstitial Clusters: Counter({1: 1})
2025-08-22 10:45 - ml4cascades.lammps - INFO - Total dislocation line length: 0.0, Dislocation density: 0.0
2025-08-22 10:45 - ml4cascades.lammps - INFO - Number of dislocation lines: 0
2025-08-22 10:46 - ml4cascades.lammps - INFO - index 8: hkl [0.59252605 0.32000014 0.73926504] 
2025-08-22 10:46 - ml4cascades.lammps - INFO - Vacancies: 2, Interstitials: 2
2025-08-22 10:46 - ml4cascades.lammps - INFO - Vacancy Clusters: Counter({2: 1})
2025-08-22 10:46 - ml4cascades.lammps - INFO - Total dislocation line length: 0.0, Dislocation density: 0.0
2025-08-22 10:46 - ml4cascades.lammps - INFO - Number of dislocation lines: 0
2025-08-22 10:46 - ml4cascades.lammps - INFO - Interstitial Clusters: Counter({1: 2})
2025-08-22 10:46 - ml4cascades.lammps - INFO - Total dislocation line length: 0.0, Dislocation density: 0.0
2025-08-22 10:46 - ml4cascades.lammps - INFO - Number of dislocation lines: 0
2025-08-22 10:46 - ml4cascades.lammps - INFO - index 9: hkl [0.53684756 0.31117385 0.78419738] 
2025-08-22 10:46 - ml4cascades.lammps - INFO - Vacancies: 2, Interstitials: 2
2025-08-22 10:46 - ml4cascades.lammps - INFO - Vacancy Clusters: Counter({2: 1})
2025-08-22 10:46 - ml4cascades.lammps - INFO - Total dislocation line length: 0.0, Dislocation density: 0.0
2025-08-22 10:46 - ml4cascades.lammps - INFO - Number of dislocation lines: 0
2025-08-22 10:46 - ml4cascades.lammps - INFO - Interstitial Clusters: Counter({1: 2})
2025-08-22 10:46 - ml4cascades.lammps - INFO - Total dislocation line length: 0.0, Dislocation density: 0.0
2025-08-22 10:46 - ml4cascades.lammps - INFO - Number of dislocation lines: 0
2025-08-22 10:46 - ml4cascades.lammps - INFO - index 10: hkl [0.58110627 0.29987122 0.75656643] 
2025-08-22 10:46 - ml4cascades.lammps - INFO - Vacancies: 2, Interstitials: 2
2025-08-22 10:46 - ml4cascades.lammps - INFO - Vacancy Clusters: Counter({2: 1})
2025-08-22 10:46 - ml4cascades.lammps - INFO - Total dislocation line length: 0.0, Dislocation density: 0.0
2025-08-22 10:46 - ml4cascades.lammps - INFO - Number of dislocation lines: 0
2025-08-22 10:46 - ml4cascades.lammps - INFO - Interstitial Clusters: Counter({1: 2})
2025-08-22 10:46 - ml4cascades.lammps - INFO - Total dislocation line length: 0.0, Dislocation density: 0.0
2025-08-22 10:46 - ml4cascades.lammps - INFO - Number of dislocation lines: 0
2025-08-22 10:46 - ml4cascades.lammps - INFO - index 11: hkl [0.28788124 0.25573723 0.92288832] 
2025-08-22 10:46 - ml4cascades.lammps - INFO - Vacancies: 2, Interstitials: 2
2025-08-22 10:46 - ml4cascades.lammps - INFO - Vacancy Clusters: Counter({1: 2})
2025-08-22 10:46 - ml4cascades.lammps - INFO - Total dislocation line length: 0.0, Dislocation density: 0.0
2025-08-22 10:46 - ml4cascades.lammps - INFO - Number of dislocation lines: 0
2025-08-22 10:46 - ml4cascades.lammps - INFO - Interstitial Clusters: Counter({1: 2})
2025-08-22 10:46 - ml4cascades.lammps - INFO - Total dislocation line length: 0.0, Dislocation density: 0.0
2025-08-22 10:46 - ml4cascades.lammps - INFO - Number of dislocation lines: 0
2025-08-22 10:46 - ml4cascades.lammps - INFO - index 12: hkl [0.54716973 0.19652771 0.81362285] 
2025-08-22 10:46 - ml4cascades.lammps - INFO - Vacancies: 1, Interstitials: 1
2025-08-22 10:46 - ml4cascades.lammps - INFO - Vacancy Clusters: Counter({1: 1})
2025-08-22 10:46 - ml4cascades.lammps - INFO - Total dislocation line length: 0.0, Dislocation density: 0.0
2025-08-22 10:46 - ml4cascades.lammps - INFO - Number of dislocation lines: 0
2025-08-22 10:46 - ml4cascades.lammps - INFO - Interstitial Clusters: Counter({1: 1})
2025-08-22 10:46 - ml4cascades.lammps - INFO - Total dislocation line length: 0.0, Dislocation density: 0.0
2025-08-22 10:46 - ml4cascades.lammps - INFO - Number of dislocation lines: 0
2025-08-22 10:46 - ml4cascades.lammps - INFO - index 13: hkl [0.4589356  0.05714766 0.88662972] 
2025-08-22 10:46 - ml4cascades.lammps - INFO - Vacancies: 1, Interstitials: 1
2025-08-22 10:46 - ml4cascades.lammps - INFO - Vacancy Clusters: Counter({1: 1})
2025-08-22 10:46 - ml4cascades.lammps - INFO - Total dislocation line length: 0.0, Dislocation density: 0.0
2025-08-22 10:46 - ml4cascades.lammps - INFO - Number of dislocation lines: 0
2025-08-22 10:46 - ml4cascades.lammps - INFO - Interstitial Clusters: Counter({1: 1})
2025-08-22 10:46 - ml4cascades.lammps - INFO - Total dislocation line length: 0.0, Dislocation density: 0.0
2025-08-22 10:46 - ml4cascades.lammps - INFO - Number of dislocation lines: 0
2025-08-22 10:47 - ml4cascades.lammps - INFO - index 14: hkl [0.34923203 0.32139822 0.88019326] 
2025-08-22 10:47 - ml4cascades.lammps - INFO - Vacancies: 2, Interstitials: 2
2025-08-22 10:47 - ml4cascades.lammps - INFO - Vacancy Clusters: Counter({2: 1})
2025-08-22 10:47 - ml4cascades.lammps - INFO - Total dislocation line length: 0.0, Dislocation density: 0.0
2025-08-22 10:47 - ml4cascades.lammps - INFO - Number of dislocation lines: 0
2025-08-22 10:47 - ml4cascades.lammps - INFO - Interstitial Clusters: Counter({1: 2})
2025-08-22 10:47 - ml4cascades.lammps - INFO - Total dislocation line length: 0.0, Dislocation density: 0.0
2025-08-22 10:47 - ml4cascades.lammps - INFO - Number of dislocation lines: 0
2025-08-22 10:47 - ml4cascades.lammps - INFO - index 15: hkl [0.30518669 0.37323005 0.87610525] 
2025-08-22 10:47 - ml4cascades.lammps - INFO - Vacancies: 3, Interstitials: 3
2025-08-22 10:47 - ml4cascades.lammps - INFO - Vacancy Clusters: Counter({2: 1, 1: 1})
2025-08-22 10:47 - ml4cascades.lammps - INFO - Total dislocation line length: 0.0, Dislocation density: 0.0
2025-08-22 10:47 - ml4cascades.lammps - INFO - Number of dislocation lines: 0
2025-08-22 10:47 - ml4cascades.lammps - INFO - Interstitial Clusters: Counter({2: 1, 1: 1})
2025-08-22 10:47 - ml4cascades.lammps - INFO - Total dislocation line length: 0.0, Dislocation density: 0.0
2025-08-22 10:47 - ml4cascades.lammps - INFO - Number of dislocation lines: 0
2025-08-22 10:47 - ml4cascades.lammps - INFO - index 16: hkl [0.56940187 0.21908347 0.79232818] 
2025-08-22 10:47 - ml4cascades.lammps - INFO - Vacancies: 3, Interstitials: 3
2025-08-22 10:47 - ml4cascades.lammps - INFO - Vacancy Clusters: Counter({3: 1})
2025-08-22 10:47 - ml4cascades.lammps - INFO - Total dislocation line length: 0.0, Dislocation density: 0.0
2025-08-22 10:47 - ml4cascades.lammps - INFO - Number of dislocation lines: 0
2025-08-22 10:47 - ml4cascades.lammps - INFO - Interstitial Clusters: Counter({3: 1})
2025-08-22 10:47 - ml4cascades.lammps - INFO - Total dislocation line length: 0.0, Dislocation density: 0.0
2025-08-22 10:47 - ml4cascades.lammps - INFO - Number of dislocation lines: 0
2025-08-22 10:47 - ml4cascades.lammps - INFO - index 17: hkl [0.36989954 0.36411423 0.8547486 ] 
2025-08-22 10:47 - ml4cascades.lammps - INFO - Vacancies: 2, Interstitials: 2
2025-08-22 10:47 - ml4cascades.lammps - INFO - Vacancy Clusters: Counter({2: 1})
2025-08-22 10:47 - ml4cascades.lammps - INFO - Total dislocation line length: 0.0, Dislocation density: 0.0
2025-08-22 10:47 - ml4cascades.lammps - INFO - Number of dislocation lines: 0
2025-08-22 10:47 - ml4cascades.lammps - INFO - Interstitial Clusters: Counter({1: 2})
2025-08-22 10:47 - ml4cascades.lammps - INFO - Total dislocation line length: 0.0, Dislocation density: 0.0
2025-08-22 10:47 - ml4cascades.lammps - INFO - Number of dislocation lines: 0
2025-08-22 10:47 - ml4cascades.lammps - INFO - index 18: hkl [0.6139283  0.34680314 0.70909775] 
2025-08-22 10:47 - ml4cascades.lammps - INFO - Vacancies: 1, Interstitials: 1
2025-08-22 10:47 - ml4cascades.lammps - INFO - Vacancy Clusters: Counter({1: 1})
2025-08-22 10:47 - ml4cascades.lammps - INFO - Total dislocation line length: 0.0, Dislocation density: 0.0
2025-08-22 10:47 - ml4cascades.lammps - INFO - Number of dislocation lines: 0
2025-08-22 10:47 - ml4cascades.lammps - INFO - Interstitial Clusters: Counter({1: 1})
2025-08-22 10:47 - ml4cascades.lammps - INFO - Total dislocation line length: 0.0, Dislocation density: 0.0
2025-08-22 10:47 - ml4cascades.lammps - INFO - Number of dislocation lines: 0
2025-08-22 10:47 - ml4cascades.lammps - INFO - index 19: hkl [0.54912575 0.19554725 0.81254057] 
2025-08-22 10:47 - ml4cascades.lammps - INFO - Vacancies: 2, Interstitials: 2
2025-08-22 10:47 - ml4cascades.lammps - INFO - Vacancy Clusters: Counter({2: 1})
2025-08-22 10:47 - ml4cascades.lammps - INFO - Total dislocation line length: 0.0, Dislocation density: 0.0
2025-08-22 10:47 - ml4cascades.lammps - INFO - Number of dislocation lines: 0
2025-08-22 10:47 - ml4cascades.lammps - INFO - Interstitial Clusters: Counter({1: 2})
2025-08-22 10:47 - ml4cascades.lammps - INFO - Total dislocation line length: 0.0, Dislocation density: 0.0
2025-08-22 10:47 - ml4cascades.lammps - INFO - Number of dislocation lines: 0
2025-08-22 10:48 - ml4cascades.lammps - INFO - index 20: hkl [0.30011285 0.03199562 0.95336696] 
2025-08-22 10:48 - ml4cascades.lammps - INFO - Vacancies: 1, Interstitials: 1
2025-08-22 10:48 - ml4cascades.lammps - INFO - Vacancy Clusters: Counter({1: 1})
2025-08-22 10:48 - ml4cascades.lammps - INFO - Total dislocation line length: 0.0, Dislocation density: 0.0
2025-08-22 10:48 - ml4cascades.lammps - INFO - Number of dislocation lines: 0
2025-08-22 10:48 - ml4cascades.lammps - INFO - Interstitial Clusters: Counter({1: 1})
2025-08-22 10:48 - ml4cascades.lammps - INFO - Total dislocation line length: 0.0, Dislocation density: 0.0
2025-08-22 10:48 - ml4cascades.lammps - INFO - Number of dislocation lines: 0
2025-08-22 10:48 - ml4cascades.lammps - INFO - index 21: hkl [0.47109182 0.28107537 0.83610354] 
2025-08-22 10:48 - ml4cascades.lammps - INFO - Vacancies: 1, Interstitials: 1
2025-08-22 10:48 - ml4cascades.lammps - INFO - Vacancy Clusters: Counter({1: 1})
2025-08-22 10:48 - ml4cascades.lammps - INFO - Total dislocation line length: 0.0, Dislocation density: 0.0
2025-08-22 10:48 - ml4cascades.lammps - INFO - Number of dislocation lines: 0
2025-08-22 10:48 - ml4cascades.lammps - INFO - Interstitial Clusters: Counter({1: 1})
2025-08-22 10:48 - ml4cascades.lammps - INFO - Total dislocation line length: 0.0, Dislocation density: 0.0
2025-08-22 10:48 - ml4cascades.lammps - INFO - Number of dislocation lines: 0
2025-08-22 10:48 - ml4cascades.lammps - INFO - index 22: hkl [0.38548268 0.50714355 0.77084923] 
2025-08-22 10:48 - ml4cascades.lammps - INFO - Vacancies: 2, Interstitials: 2
2025-08-22 10:48 - ml4cascades.lammps - INFO - Vacancy Clusters: Counter({2: 1})
2025-08-22 10:48 - ml4cascades.lammps - INFO - Total dislocation line length: 0.0, Dislocation density: 0.0
2025-08-22 10:48 - ml4cascades.lammps - INFO - Number of dislocation lines: 0
2025-08-22 10:48 - ml4cascades.lammps - INFO - Interstitial Clusters: Counter({1: 2})
2025-08-22 10:48 - ml4cascades.lammps - INFO - Total dislocation line length: 0.0, Dislocation density: 0.0
2025-08-22 10:48 - ml4cascades.lammps - INFO - Number of dislocation lines: 0
2025-08-22 10:48 - ml4cascades.lammps - INFO - index 23: hkl [0.30926768 0.12684511 0.94247749] 
2025-08-22 10:48 - ml4cascades.lammps - INFO - Vacancies: 1, Interstitials: 1
2025-08-22 10:48 - ml4cascades.lammps - INFO - Vacancy Clusters: Counter({1: 1})
2025-08-22 10:48 - ml4cascades.lammps - INFO - Total dislocation line length: 0.0, Dislocation density: 0.0
2025-08-22 10:48 - ml4cascades.lammps - INFO - Number of dislocation lines: 0
2025-08-22 10:48 - ml4cascades.lammps - INFO - Interstitial Clusters: Counter({1: 1})
2025-08-22 10:48 - ml4cascades.lammps - INFO - Total dislocation line length: 0.0, Dislocation density: 0.0
2025-08-22 10:48 - ml4cascades.lammps - INFO - Number of dislocation lines: 0
2025-08-22 10:48 - ml4cascades.lammps - INFO - index 24: hkl [0.58579777 0.36209835 0.72506948] 
2025-08-22 10:48 - ml4cascades.lammps - INFO - Vacancies: 2, Interstitials: 2
2025-08-22 10:48 - ml4cascades.lammps - INFO - Vacancy Clusters: Counter({2: 1})
2025-08-22 10:48 - ml4cascades.lammps - INFO - Total dislocation line length: 0.0, Dislocation density: 0.0
2025-08-22 10:48 - ml4cascades.lammps - INFO - Number of dislocation lines: 0
2025-08-22 10:48 - ml4cascades.lammps - INFO - Interstitial Clusters: Counter({1: 2})
2025-08-22 10:48 - ml4cascades.lammps - INFO - Total dislocation line length: 0.0, Dislocation density: 0.0
2025-08-22 10:48 - ml4cascades.lammps - INFO - Number of dislocation lines: 0
2025-08-22 10:48 - ml4cascades.lammps - INFO - index 25: hkl [0.51388914 0.36261566 0.77744958] 
2025-08-22 10:48 - ml4cascades.lammps - INFO - Vacancies: 2, Interstitials: 2
2025-08-22 10:48 - ml4cascades.lammps - INFO - Vacancy Clusters: Counter({2: 1})
2025-08-22 10:48 - ml4cascades.lammps - INFO - Total dislocation line length: 0.0, Dislocation density: 0.0
2025-08-22 10:48 - ml4cascades.lammps - INFO - Number of dislocation lines: 0
2025-08-22 10:48 - ml4cascades.lammps - INFO - Interstitial Clusters: Counter({1: 2})
2025-08-22 10:48 - ml4cascades.lammps - INFO - Total dislocation line length: 0.0, Dislocation density: 0.0
2025-08-22 10:48 - ml4cascades.lammps - INFO - Number of dislocation lines: 0
2025-08-22 10:48 - ml4cascades.lammps - INFO - index 26: hkl [0.31512092 0.34031413 0.88593741] 
2025-08-22 10:48 - ml4cascades.lammps - INFO - Vacancies: 1, Interstitials: 1
2025-08-22 10:48 - ml4cascades.lammps - INFO - Vacancy Clusters: Counter({1: 1})
2025-08-22 10:48 - ml4cascades.lammps - INFO - Total dislocation line length: 0.0, Dislocation density: 0.0
2025-08-22 10:48 - ml4cascades.lammps - INFO - Number of dislocation lines: 0
2025-08-22 10:48 - ml4cascades.lammps - INFO - Interstitial Clusters: Counter({1: 1})
2025-08-22 10:48 - ml4cascades.lammps - INFO - Total dislocation line length: 0.0, Dislocation density: 0.0
2025-08-22 10:48 - ml4cascades.lammps - INFO - Number of dislocation lines: 0
2025-08-22 10:49 - ml4cascades.lammps - INFO - index 27: hkl [0.41489987 0.1095436  0.90324874] 
2025-08-22 10:49 - ml4cascades.lammps - INFO - Vacancies: 2, Interstitials: 2
2025-08-22 10:49 - ml4cascades.lammps - INFO - Vacancy Clusters: Counter({2: 1})
2025-08-22 10:49 - ml4cascades.lammps - INFO - Total dislocation line length: 0.0, Dislocation density: 0.0
2025-08-22 10:49 - ml4cascades.lammps - INFO - Number of dislocation lines: 0
2025-08-22 10:49 - ml4cascades.lammps - INFO - Interstitial Clusters: Counter({1: 2})
2025-08-22 10:49 - ml4cascades.lammps - INFO - Total dislocation line length: 0.0, Dislocation density: 0.0
2025-08-22 10:49 - ml4cascades.lammps - INFO - Number of dislocation lines: 0
2025-08-22 10:49 - ml4cascades.lammps - INFO - index 28: hkl [0.43723834 0.00775167 0.89931226] 
2025-08-22 10:49 - ml4cascades.lammps - INFO - Vacancies: 2, Interstitials: 2
2025-08-22 10:49 - ml4cascades.lammps - INFO - Vacancy Clusters: Counter({2: 1})
2025-08-22 10:49 - ml4cascades.lammps - INFO - Total dislocation line length: 0.0, Dislocation density: 0.0
2025-08-22 10:49 - ml4cascades.lammps - INFO - Number of dislocation lines: 0
2025-08-22 10:49 - ml4cascades.lammps - INFO - Interstitial Clusters: Counter({1: 2})
2025-08-22 10:49 - ml4cascades.lammps - INFO - Total dislocation line length: 0.0, Dislocation density: 0.0
2025-08-22 10:49 - ml4cascades.lammps - INFO - Number of dislocation lines: 0
2025-08-22 10:49 - ml4cascades.lammps - INFO - index 29: hkl [0.40456621 0.47788918 0.77971027] 
2025-08-22 10:49 - ml4cascades.lammps - INFO - Vacancies: 2, Interstitials: 2
2025-08-22 10:49 - ml4cascades.lammps - INFO - Vacancy Clusters: Counter({2: 1})
2025-08-22 10:49 - ml4cascades.lammps - INFO - Total dislocation line length: 0.0, Dislocation density: 0.0
2025-08-22 10:49 - ml4cascades.lammps - INFO - Number of dislocation lines: 0
2025-08-22 10:49 - ml4cascades.lammps - INFO - Interstitial Clusters: Counter({1: 2})
2025-08-22 10:49 - ml4cascades.lammps - INFO - Total dislocation line length: 0.0, Dislocation density: 0.0
2025-08-22 10:49 - ml4cascades.lammps - INFO - Number of dislocation lines: 0
2025-08-22 10:49 - ml4cascades.lammps - INFO - correct cluster count: 30 for energy 100 eV
2025-08-22 10:49 - ml4cascades.lammps - INFO - Energy: 100 eV, number of vac clusters by size: [30, 0, 0, 2]
2025-08-22 10:49 - ml4cascades.lammps - INFO - Energy: 100 eV, number of inter clusters by size: [41, 0, 0, 2]
