2026-03-05 08:13 - ml4cascades.lammps.process - INFO - #------------Defect analysis, PKA_kin_eng: 1000 eV------------#
2026-03-05 08:13 - ml4cascades.lammps.process - INFO - Skipping trajectory 7 as it is in the exclude list.
2026-03-05 08:13 - ml4cascades.lammps.process - INFO - Starting the 1th trajectory in folder 1...
2026-03-05 08:15 - ml4cascades.lammps.process - INFO - Starting the 2th trajectory in folder 2...
2026-03-05 08:17 - ml4cascades.lammps.process - INFO - Starting the 3th trajectory in folder 3...
2026-03-05 08:19 - ml4cascades.lammps.process - INFO - Starting the 4th trajectory in folder 4...
2026-03-05 08:21 - ml4cascades.lammps.process - INFO - Starting the 5th trajectory in folder 5...
2026-03-05 08:22 - ml4cascades.lammps.process - INFO - Starting the 6th trajectory in folder 6...
2026-03-05 08:24 - ml4cascades.lammps.process - INFO - Starting the 7th trajectory in folder 8...
2026-03-05 08:26 - ml4cascades.lammps.process - INFO - Starting the 8th trajectory in folder 9...
2026-03-05 08:28 - ml4cascades.lammps.process - INFO - Starting the 9th trajectory in folder 10...
2026-03-05 08:30 - ml4cascades.lammps.process - INFO - Starting the 10th trajectory in folder 11...
2026-03-05 08:32 - ml4cascades.lammps.process - INFO - Starting the 11th trajectory in folder 12...
2026-03-05 08:34 - ml4cascades.lammps.process - INFO - Starting the 12th trajectory in folder 13...
2026-03-05 08:36 - ml4cascades.lammps.process - INFO - Starting the 13th trajectory in folder 14...
2026-03-05 08:38 - ml4cascades.lammps.process - INFO - Starting the 14th trajectory in folder 15...
2026-03-05 08:40 - ml4cascades.lammps.process - INFO - Starting the 15th trajectory in folder 16...
2026-03-05 08:42 - ml4cascades.lammps.process - INFO - Starting the 16th trajectory in folder 17...
2026-03-05 08:44 - ml4cascades.lammps.process - INFO - Starting the 17th trajectory in folder 18...
2026-03-05 08:45 - ml4cascades.lammps.process - INFO - Starting the 18th trajectory in folder 19...
2026-03-05 08:47 - ml4cascades.lammps.process - INFO - Starting the 19th trajectory in folder 20...
2026-03-05 08:49 - ml4cascades.lammps.process - INFO - Starting the 20th trajectory in folder 21...
2026-03-05 08:51 - ml4cascades.lammps.process - INFO - Starting the 21th trajectory in folder 22...
2026-03-05 08:53 - ml4cascades.lammps.process - INFO - Starting the 22th trajectory in folder 23...
2026-03-05 08:55 - ml4cascades.lammps.process - INFO - Starting the 23th trajectory in folder 24...
2026-03-05 08:56 - ml4cascades.lammps.process - INFO - Starting the 24th trajectory in folder 25...
2026-03-05 08:58 - ml4cascades.lammps.process - INFO - Starting the 25th trajectory in folder 26...
2026-03-05 09:00 - ml4cascades.lammps.process - INFO - Starting the 26th trajectory in folder 27...
2026-03-05 09:02 - ml4cascades.lammps.process - INFO - Starting the 27th trajectory in folder 28...
2026-03-05 09:04 - ml4cascades.lammps.process - INFO - Starting the 28th trajectory in folder 29...
2026-03-05 09:06 - ml4cascades.lammps.process - INFO - Starting the 29th trajectory in folder 30...
2026-03-05 09:07 - ml4cascades.lammps.process - INFO - #------------ Defect analysis completed. ------------#


2026-03-05 11:30 - ml4cascades.lammps.process - INFO - #------------Defect analysis, PKA_kin_eng: 1000 eV------------#
2026-03-05 11:30 - ml4cascades.lammps.process - INFO - Skipping trajectory 7 as it is in the exclude list.
2026-03-05 11:30 - ml4cascades.lammps.process - INFO - Starting the 1th trajectory in folder 1...
2026-03-05 11:32 - ml4cascades.lammps.process - INFO - Starting the 2th trajectory in folder 2...
2026-03-05 11:34 - ml4cascades.lammps.process - INFO - Starting the 3th trajectory in folder 3...
2026-03-05 11:37 - ml4cascades.lammps.process - INFO - Starting the 4th trajectory in folder 4...
2026-03-05 11:39 - ml4cascades.lammps.process - INFO - Starting the 5th trajectory in folder 5...
2026-03-05 11:41 - ml4cascades.lammps.process - INFO - Starting the 6th trajectory in folder 6...
2026-03-05 11:43 - ml4cascades.lammps.process - INFO - Starting the 7th trajectory in folder 8...
2026-03-05 11:45 - ml4cascades.lammps.process - INFO - Starting the 8th trajectory in folder 9...
2026-03-05 11:47 - ml4cascades.lammps.process - INFO - Starting the 9th trajectory in folder 10...
2026-03-05 11:49 - ml4cascades.lammps.process - INFO - Starting the 10th trajectory in folder 11...
2026-03-05 11:51 - ml4cascades.lammps.process - INFO - Starting the 11th trajectory in folder 12...
2026-03-05 11:53 - ml4cascades.lammps.process - INFO - Starting the 12th trajectory in folder 13...
2026-03-05 11:55 - ml4cascades.lammps.process - INFO - Starting the 13th trajectory in folder 14...
2026-03-05 11:57 - ml4cascades.lammps.process - INFO - Starting the 14th trajectory in folder 15...
2026-03-05 11:59 - ml4cascades.lammps.process - INFO - Starting the 15th trajectory in folder 16...
2026-03-05 12:01 - ml4cascades.lammps.process - INFO - Starting the 16th trajectory in folder 17...
2026-03-05 12:03 - ml4cascades.lammps.process - INFO - Starting the 17th trajectory in folder 18...
2026-03-05 12:05 - ml4cascades.lammps.process - INFO - Starting the 18th trajectory in folder 19...
2026-03-05 12:07 - ml4cascades.lammps.process - INFO - Starting the 19th trajectory in folder 20...
2026-03-05 12:09 - ml4cascades.lammps.process - INFO - Starting the 20th trajectory in folder 21...
2026-03-05 12:11 - ml4cascades.lammps.process - INFO - Starting the 21th trajectory in folder 22...
2026-03-05 12:13 - ml4cascades.lammps.process - INFO - Starting the 22th trajectory in folder 23...
2026-03-05 12:15 - ml4cascades.lammps.process - INFO - Starting the 23th trajectory in folder 24...
2026-03-05 12:17 - ml4cascades.lammps.process - INFO - Starting the 24th trajectory in folder 25...
2026-03-05 12:19 - ml4cascades.lammps.process - INFO - Starting the 25th trajectory in folder 26...
2026-03-05 12:21 - ml4cascades.lammps.process - INFO - Starting the 26th trajectory in folder 27...
2026-03-05 12:23 - ml4cascades.lammps.process - INFO - Starting the 27th trajectory in folder 28...
2026-03-05 12:25 - ml4cascades.lammps.process - INFO - Starting the 28th trajectory in folder 29...
2026-03-05 12:27 - ml4cascades.lammps.process - INFO - Starting the 29th trajectory in folder 30...
2026-03-05 12:29 - ml4cascades.lammps.process - INFO - #------------ Defect analysis completed. ------------#

2026-03-05 12:32 - ml4cascades.lammps.process - INFO - #------------Defect analysis, PKA_kin_eng: 1000 eV------------#
2026-03-05 12:32 - ml4cascades.lammps.process - INFO - Starting the 1th trajectory in folder 1...
2026-03-05 12:34 - ml4cascades.lammps.process - INFO - Starting the 2th trajectory in folder 2...
2026-03-05 12:36 - ml4cascades.lammps.process - INFO - Starting the 3th trajectory in folder 3...
2026-03-05 12:38 - ml4cascades.lammps.process - INFO - Starting the 4th trajectory in folder 4...
2026-03-05 12:40 - ml4cascades.lammps.process - INFO - Starting the 5th trajectory in folder 5...
2026-03-05 12:42 - ml4cascades.lammps.process - INFO - Starting the 6th trajectory in folder 6...
2026-03-05 12:44 - ml4cascades.lammps.process - INFO - Starting the 7th trajectory in folder 7...
2026-03-05 12:46 - ml4cascades.lammps.process - INFO - Starting the 8th trajectory in folder 8...
2026-03-05 12:48 - ml4cascades.lammps.process - INFO - Starting the 9th trajectory in folder 9...
2026-03-05 12:50 - ml4cascades.lammps.process - INFO - Starting the 10th trajectory in folder 10...
2026-03-05 12:52 - ml4cascades.lammps.process - INFO - Starting the 11th trajectory in folder 11...
2026-03-05 12:54 - ml4cascades.lammps.process - INFO - Starting the 12th trajectory in folder 12...
2026-03-05 12:56 - ml4cascades.lammps.process - INFO - Starting the 13th trajectory in folder 13...
2026-03-05 12:58 - ml4cascades.lammps.process - INFO - Starting the 14th trajectory in folder 14...
2026-03-05 13:00 - ml4cascades.lammps.process - INFO - Starting the 15th trajectory in folder 15...
2026-03-05 13:02 - ml4cascades.lammps.process - INFO - Starting the 16th trajectory in folder 16...
2026-03-05 13:04 - ml4cascades.lammps.process - INFO - Starting the 17th trajectory in folder 17...
2026-03-05 13:06 - ml4cascades.lammps.process - INFO - Starting the 18th trajectory in folder 18...
2026-03-05 13:08 - ml4cascades.lammps.process - INFO - Starting the 19th trajectory in folder 19...
2026-03-05 13:10 - ml4cascades.lammps.process - INFO - Starting the 20th trajectory in folder 20...
2026-03-05 13:12 - ml4cascades.lammps.process - INFO - Starting the 21th trajectory in folder 21...
2026-03-05 13:14 - ml4cascades.lammps.process - INFO - Starting the 22th trajectory in folder 22...
2026-03-05 13:16 - ml4cascades.lammps.process - INFO - Starting the 23th trajectory in folder 23...
2026-03-05 13:17 - ml4cascades.lammps.process - INFO - Starting the 24th trajectory in folder 24...
2026-03-05 13:19 - ml4cascades.lammps.process - INFO - Starting the 25th trajectory in folder 25...
2026-03-05 13:21 - ml4cascades.lammps.process - INFO - Starting the 26th trajectory in folder 26...
2026-03-05 13:23 - ml4cascades.lammps.process - INFO - Starting the 27th trajectory in folder 27...
2026-03-05 13:26 - ml4cascades.lammps.process - INFO - Starting the 28th trajectory in folder 28...
2026-03-05 13:28 - ml4cascades.lammps.process - INFO - Starting the 29th trajectory in folder 29...
2026-03-05 13:30 - ml4cascades.lammps.process - INFO - Starting the 30th trajectory in folder 30...
2026-03-05 13:32 - ml4cascades.lammps.process - INFO - #------------ Defect analysis completed. ------------#

2026-03-05 14:07 - ml4cascades.lammps.process - INFO - #------------Defect analysis, PKA_kin_eng: 1000 eV------------#
2026-03-05 14:07 - ml4cascades.lammps.process - INFO - Starting the 1th trajectory in folder 1...
2026-03-05 14:09 - ml4cascades.lammps.process - INFO - Starting the 2th trajectory in folder 2...
2026-03-05 14:11 - ml4cascades.lammps.process - INFO - Starting the 3th trajectory in folder 3...
2026-03-05 14:13 - ml4cascades.lammps.process - INFO - Starting the 4th trajectory in folder 4...
2026-03-05 14:15 - ml4cascades.lammps.process - INFO - Starting the 5th trajectory in folder 5...
2026-03-05 14:17 - ml4cascades.lammps.process - INFO - Starting the 6th trajectory in folder 6...
2026-03-05 14:19 - ml4cascades.lammps.process - INFO - Starting the 7th trajectory in folder 7...
2026-03-05 14:21 - ml4cascades.lammps.process - INFO - Starting the 8th trajectory in folder 8...
2026-03-05 14:23 - ml4cascades.lammps.process - INFO - Starting the 9th trajectory in folder 9...
2026-03-05 14:25 - ml4cascades.lammps.process - INFO - Starting the 10th trajectory in folder 10...
2026-03-05 14:27 - ml4cascades.lammps.process - INFO - Starting the 11th trajectory in folder 11...
2026-03-05 14:29 - ml4cascades.lammps.process - INFO - Starting the 12th trajectory in folder 12...
2026-03-05 14:31 - ml4cascades.lammps.process - INFO - Starting the 13th trajectory in folder 13...
2026-03-05 14:33 - ml4cascades.lammps.process - INFO - Starting the 14th trajectory in folder 14...
2026-03-05 14:35 - ml4cascades.lammps.process - INFO - Starting the 15th trajectory in folder 15...
2026-03-05 14:37 - ml4cascades.lammps.process - INFO - Starting the 16th trajectory in folder 16...
2026-03-05 14:38 - ml4cascades.lammps.process - INFO - Starting the 17th trajectory in folder 17...
2026-03-05 14:40 - ml4cascades.lammps.process - INFO - Starting the 18th trajectory in folder 18...
2026-03-05 14:42 - ml4cascades.lammps.process - INFO - Starting the 19th trajectory in folder 19...
2026-03-05 14:44 - ml4cascades.lammps.process - INFO - Starting the 20th trajectory in folder 20...
2026-03-05 14:46 - ml4cascades.lammps.process - INFO - Starting the 21th trajectory in folder 21...
2026-03-05 14:49 - ml4cascades.lammps.process - INFO - Starting the 22th trajectory in folder 22...
2026-03-05 14:51 - ml4cascades.lammps.process - INFO - Starting the 23th trajectory in folder 23...
2026-03-05 14:53 - ml4cascades.lammps.process - INFO - Starting the 24th trajectory in folder 24...
2026-03-05 14:55 - ml4cascades.lammps.process - INFO - Starting the 25th trajectory in folder 25...
2026-03-05 14:57 - ml4cascades.lammps.process - INFO - Starting the 26th trajectory in folder 26...
2026-03-05 14:59 - ml4cascades.lammps.process - INFO - Starting the 27th trajectory in folder 27...
2026-03-05 15:01 - ml4cascades.lammps.process - INFO - Starting the 28th trajectory in folder 28...
2026-03-05 15:03 - ml4cascades.lammps.process - INFO - Starting the 29th trajectory in folder 29...
2026-03-05 15:05 - ml4cascades.lammps.process - INFO - Starting the 30th trajectory in folder 30...
2026-03-05 15:07 - ml4cascades.lammps.process - INFO - #------------ Defect analysis completed. ------------#

2026-03-05 15:09 - ml4cascades.lammps.process - INFO - #------------Defect analysis, PKA_kin_eng: 1000 eV------------#
2026-03-05 15:09 - ml4cascades.lammps.process - INFO - Skipping trajectory 7 as it is in the exclude list.
2026-03-05 15:09 - ml4cascades.lammps.process - INFO - Starting the 1th trajectory in folder 1...
2026-03-05 15:11 - ml4cascades.lammps.process - INFO - Starting the 2th trajectory in folder 2...
2026-03-05 15:13 - ml4cascades.lammps.process - INFO - Starting the 3th trajectory in folder 3...
2026-03-05 15:15 - ml4cascades.lammps.process - INFO - Starting the 4th trajectory in folder 4...
2026-03-05 15:17 - ml4cascades.lammps.process - INFO - Starting the 5th trajectory in folder 5...
2026-03-05 15:19 - ml4cascades.lammps.process - INFO - Starting the 6th trajectory in folder 6...
2026-03-05 15:21 - ml4cascades.lammps.process - INFO - Starting the 7th trajectory in folder 8...
2026-03-05 15:23 - ml4cascades.lammps.process - INFO - Starting the 8th trajectory in folder 9...
2026-03-05 15:24 - ml4cascades.lammps.process - INFO - Starting the 9th trajectory in folder 10...
2026-03-05 15:26 - ml4cascades.lammps.process - INFO - Starting the 10th trajectory in folder 11...
2026-03-05 15:28 - ml4cascades.lammps.process - INFO - Starting the 11th trajectory in folder 12...
2026-03-05 15:30 - ml4cascades.lammps.process - INFO - Starting the 12th trajectory in folder 13...
2026-03-05 15:32 - ml4cascades.lammps.process - INFO - Starting the 13th trajectory in folder 14...
2026-03-05 15:34 - ml4cascades.lammps.process - INFO - Starting the 14th trajectory in folder 15...
2026-03-05 15:36 - ml4cascades.lammps.process - INFO - Starting the 15th trajectory in folder 16...
2026-03-05 15:38 - ml4cascades.lammps.process - INFO - Starting the 16th trajectory in folder 17...
2026-03-05 15:40 - ml4cascades.lammps.process - INFO - Starting the 17th trajectory in folder 18...
2026-03-05 15:42 - ml4cascades.lammps.process - INFO - Starting the 18th trajectory in folder 19...
2026-03-05 15:44 - ml4cascades.lammps.process - INFO - Starting the 19th trajectory in folder 20...
2026-03-05 15:46 - ml4cascades.lammps.process - INFO - Starting the 20th trajectory in folder 21...
2026-03-05 15:48 - ml4cascades.lammps.process - INFO - Starting the 21th trajectory in folder 22...
2026-03-05 15:50 - ml4cascades.lammps.process - INFO - Starting the 22th trajectory in folder 23...
2026-03-05 15:52 - ml4cascades.lammps.process - INFO - Starting the 23th trajectory in folder 24...
2026-03-05 15:54 - ml4cascades.lammps.process - INFO - Starting the 24th trajectory in folder 25...
2026-03-05 15:56 - ml4cascades.lammps.process - INFO - Starting the 25th trajectory in folder 26...
2026-03-05 15:58 - ml4cascades.lammps.process - INFO - Starting the 26th trajectory in folder 27...
2026-03-05 16:00 - ml4cascades.lammps.process - INFO - Starting the 27th trajectory in folder 28...
2026-03-05 16:02 - ml4cascades.lammps.process - INFO - Starting the 28th trajectory in folder 29...
2026-03-05 16:04 - ml4cascades.lammps.process - INFO - Starting the 29th trajectory in folder 30...
2026-03-05 16:06 - ml4cascades.lammps.process - INFO - #------------ Defect analysis completed. ------------#

2026-03-06 08:11 - ml4cascades.lammps.process - INFO - #------------Defect analysis, PKA_kin_eng: 1000 eV------------#
2026-03-06 08:11 - ml4cascades.lammps.process - INFO - Skipping trajectory 7 as it is in the exclude list.
2026-03-06 08:11 - ml4cascades.lammps.process - INFO - Starting the 1th trajectory in folder 1...
2026-03-06 08:15 - ml4cascades.lammps.process - INFO - Starting the 2th trajectory in folder 2...
2026-03-06 08:18 - ml4cascades.lammps.process - INFO - Starting the 3th trajectory in folder 3...
2026-03-06 08:22 - ml4cascades.lammps.process - INFO - Starting the 4th trajectory in folder 4...
2026-03-06 08:26 - ml4cascades.lammps.process - INFO - Starting the 5th trajectory in folder 5...
2026-03-06 08:30 - ml4cascades.lammps.process - INFO - Starting the 6th trajectory in folder 6...
2026-03-06 08:35 - ml4cascades.lammps.process - INFO - Starting the 7th trajectory in folder 8...
2026-03-06 08:38 - ml4cascades.lammps.process - INFO - Starting the 8th trajectory in folder 9...
2026-03-09 12:00 - ml4cascades.lammps.process - INFO - #------------Liquid atom analysis, PKA_kin_eng: 1000 eV------------#
2026-03-09 12:00 - ml4cascades.lammps.process - INFO - Starting the 1th trajectory in folder 1...
2026-03-09 12:12 - ml4cascades.lammps.process - INFO - #------------Liquid atom analysis, PKA_kin_eng: 1000 eV------------#
2026-03-09 12:12 - ml4cascades.lammps.process - INFO - Starting the 1th trajectory in folder 1...
2026-03-09 12:13 - ml4cascades.lammps.process - INFO - Starting the 2th trajectory in folder 2...
2026-03-09 12:13 - ml4cascades.lammps.process - INFO - Starting the 3th trajectory in folder 3...
2026-03-09 12:14 - ml4cascades.lammps.process - INFO - #------------Liquid atom analysis, PKA_kin_eng: 1000 eV------------#
2026-03-09 12:14 - ml4cascades.lammps.process - INFO - Starting the 1th trajectory in folder 1...
2026-03-09 12:15 - ml4cascades.lammps.process - INFO - Starting the 2th trajectory in folder 2...
2026-03-09 12:15 - ml4cascades.lammps.process - INFO - Starting the 3th trajectory in folder 3...
2026-03-09 12:16 - ml4cascades.lammps.process - INFO - #------------Liquid atom analysis, PKA_kin_eng: 1000 eV------------#
2026-03-09 12:16 - ml4cascades.lammps.process - INFO - Starting the 1th trajectory in folder 1...
2026-03-09 12:17 - ml4cascades.lammps.process - INFO - Starting the 2th trajectory in folder 2...
2026-03-09 12:17 - ml4cascades.lammps.process - INFO - Starting the 3th trajectory in folder 3...
2026-03-09 12:18 - ml4cascades.lammps.process - INFO - #------------Liquid atom analysis, PKA_kin_eng: 1000 eV------------#
2026-03-09 12:18 - ml4cascades.lammps.process - INFO - Starting the 1th trajectory in folder 1...
2026-03-09 12:19 - ml4cascades.lammps.process - INFO - Starting the 2th trajectory in folder 2...
2026-03-09 12:19 - ml4cascades.lammps.process - INFO - Starting the 3th trajectory in folder 3...
2026-03-09 12:20 - ml4cascades.lammps.process - INFO - #------------Liquid atom analysis, PKA_kin_eng: 1000 eV------------#
2026-03-09 12:20 - ml4cascades.lammps.process - INFO - Starting the 1th trajectory in folder 1...
2026-03-09 12:21 - ml4cascades.lammps.process - INFO - Starting the 2th trajectory in folder 2...
2026-03-09 12:22 - ml4cascades.lammps.process - INFO - Starting the 3th trajectory in folder 3...
2026-03-09 15:53 - ml4cascades.lammps.process - INFO - #------------Liquid atom analysis, PKA_kin_eng: 1000 eV------------#
2026-03-09 15:53 - ml4cascades.lammps.process - INFO - Skipping trajectory 7 as it is in the exclude list.
2026-03-09 15:53 - ml4cascades.lammps.process - INFO - Starting the 1th trajectory in folder 1...
2026-03-09 15:53 - ml4cascades.lammps.process - INFO - liquid.txt already exists in folder 1, skipping liquid atom analysis for this trajectory. Reading...
2026-03-09 15:53 - ml4cascades.lammps.process - WARNING - Time array length in folder 1: 721 frames are read.
2026-03-09 15:53 - ml4cascades.lammps.process - INFO - Starting the 2th trajectory in folder 2...
2026-03-09 15:53 - ml4cascades.lammps.process - INFO - liquid.txt already exists in folder 2, skipping liquid atom analysis for this trajectory. Reading...
2026-03-09 15:53 - ml4cascades.lammps.process - WARNING - Time array length in folder 2: 723 frames are read.
2026-03-09 15:53 - ml4cascades.lammps.process - INFO - Starting the 3th trajectory in folder 3...
2026-03-09 15:53 - ml4cascades.lammps.process - INFO - liquid.txt already exists in folder 3, skipping liquid atom analysis for this trajectory. Reading...
2026-03-09 15:53 - ml4cascades.lammps.process - WARNING - Time array length in folder 3: 724 frames are read.
2026-03-09 15:53 - ml4cascades.lammps.process - INFO - Starting the 4th trajectory in folder 4...
2026-03-09 15:54 - ml4cascades.lammps.process - INFO - Starting the 5th trajectory in folder 5...
2026-03-09 15:54 - ml4cascades.lammps.process - INFO - Starting the 6th trajectory in folder 6...
2026-03-09 15:55 - ml4cascades.lammps.process - INFO - Starting the 7th trajectory in folder 8...
2026-03-09 15:55 - ml4cascades.lammps.process - INFO - Starting the 8th trajectory in folder 9...
2026-03-09 15:56 - ml4cascades.lammps.process - INFO - Starting the 9th trajectory in folder 10...
2026-03-09 15:56 - ml4cascades.lammps.process - INFO - Starting the 10th trajectory in folder 11...
2026-03-09 15:57 - ml4cascades.lammps.process - INFO - Starting the 11th trajectory in folder 12...
2026-03-09 15:57 - ml4cascades.lammps.process - INFO - Starting the 12th trajectory in folder 13...
2026-03-09 15:58 - ml4cascades.lammps.process - INFO - Starting the 13th trajectory in folder 14...
2026-03-09 15:58 - ml4cascades.lammps.process - INFO - Starting the 14th trajectory in folder 15...
2026-03-09 15:59 - ml4cascades.lammps.process - INFO - Starting the 15th trajectory in folder 16...
2026-03-09 15:59 - ml4cascades.lammps.process - INFO - Starting the 16th trajectory in folder 17...
2026-03-09 16:00 - ml4cascades.lammps.process - INFO - Starting the 17th trajectory in folder 18...
2026-03-09 16:00 - ml4cascades.lammps.process - INFO - Starting the 18th trajectory in folder 19...
2026-03-09 16:01 - ml4cascades.lammps.process - INFO - Starting the 19th trajectory in folder 20...
2026-03-09 16:01 - ml4cascades.lammps.process - INFO - Starting the 20th trajectory in folder 21...
2026-03-09 16:01 - ml4cascades.lammps.process - INFO - Starting the 21th trajectory in folder 22...
2026-03-09 16:02 - ml4cascades.lammps.process - INFO - Starting the 22th trajectory in folder 23...
2026-03-09 16:02 - ml4cascades.lammps.process - INFO - Starting the 23th trajectory in folder 24...
2026-03-09 16:03 - ml4cascades.lammps.process - INFO - Starting the 24th trajectory in folder 25...
2026-03-09 16:03 - ml4cascades.lammps.process - INFO - Starting the 25th trajectory in folder 26...
2026-03-09 16:04 - ml4cascades.lammps.process - INFO - Starting the 26th trajectory in folder 27...
2026-03-09 16:04 - ml4cascades.lammps.process - INFO - Starting the 27th trajectory in folder 28...
2026-03-09 16:05 - ml4cascades.lammps.process - INFO - Starting the 28th trajectory in folder 29...
2026-03-09 16:05 - ml4cascades.lammps.process - INFO - Starting the 29th trajectory in folder 30...
2026-03-09 16:06 - ml4cascades.lammps.process - INFO - #------------ Liquid atom analysis completed. ------------#/n
2026-03-09 16:06 - ml4cascades.lammps.process - INFO - #------------Liquid atom analysis, PKA_kin_eng: 1000 eV------------#
2026-03-09 16:06 - ml4cascades.lammps.process - INFO - Skipping trajectory 7 as it is in the exclude list.
2026-03-09 16:06 - ml4cascades.lammps.process - INFO - Starting the 1th trajectory in folder 1...
2026-03-09 16:06 - ml4cascades.lammps.process - INFO - liquid.txt already exists in folder 1, skipping liquid atom analysis for this trajectory. Reading...
2026-03-09 16:06 - ml4cascades.lammps.process - WARNING - Time array length in folder 1: 721 frames are read.
2026-03-09 16:06 - ml4cascades.lammps.process - INFO - Starting the 2th trajectory in folder 2...
2026-03-09 16:06 - ml4cascades.lammps.process - INFO - liquid.txt already exists in folder 2, skipping liquid atom analysis for this trajectory. Reading...
2026-03-09 16:06 - ml4cascades.lammps.process - WARNING - Time array length in folder 2: 724 frames are read.
2026-03-09 16:06 - ml4cascades.lammps.process - INFO - Starting the 3th trajectory in folder 3...
2026-03-09 16:06 - ml4cascades.lammps.process - INFO - liquid.txt already exists in folder 3, skipping liquid atom analysis for this trajectory. Reading...
2026-03-09 16:06 - ml4cascades.lammps.process - WARNING - Time array length in folder 3: 724 frames are read.
2026-03-09 16:06 - ml4cascades.lammps.process - INFO - Starting the 4th trajectory in folder 4...
2026-03-09 16:07 - ml4cascades.lammps.process - INFO - Starting the 5th trajectory in folder 5...
2026-03-09 16:08 - ml4cascades.lammps.process - INFO - Starting the 6th trajectory in folder 6...
2026-03-09 16:08 - ml4cascades.lammps.process - INFO - Starting the 7th trajectory in folder 8...
2026-03-09 16:08 - ml4cascades.lammps.process - INFO - Starting the 8th trajectory in folder 9...
2026-03-09 16:09 - ml4cascades.lammps.process - INFO - Starting the 9th trajectory in folder 10...
2026-03-09 16:09 - ml4cascades.lammps.process - INFO - Starting the 10th trajectory in folder 11...
2026-03-09 16:10 - ml4cascades.lammps.process - INFO - Starting the 11th trajectory in folder 12...
2026-03-09 16:10 - ml4cascades.lammps.process - INFO - Starting the 12th trajectory in folder 13...
2026-03-09 16:11 - ml4cascades.lammps.process - INFO - Starting the 13th trajectory in folder 14...
2026-03-09 16:11 - ml4cascades.lammps.process - INFO - Starting the 14th trajectory in folder 15...
2026-03-09 16:12 - ml4cascades.lammps.process - INFO - Starting the 15th trajectory in folder 16...
2026-03-09 16:12 - ml4cascades.lammps.process - INFO - Starting the 16th trajectory in folder 17...
2026-03-09 16:12 - ml4cascades.lammps.process - INFO - Starting the 17th trajectory in folder 18...
2026-03-09 16:13 - ml4cascades.lammps.process - INFO - Starting the 18th trajectory in folder 19...
2026-03-09 16:13 - ml4cascades.lammps.process - INFO - Starting the 19th trajectory in folder 20...
2026-03-09 16:14 - ml4cascades.lammps.process - INFO - Starting the 20th trajectory in folder 21...
2026-03-09 16:14 - ml4cascades.lammps.process - INFO - Starting the 21th trajectory in folder 22...
2026-03-09 16:15 - ml4cascades.lammps.process - INFO - Starting the 22th trajectory in folder 23...
2026-03-09 16:15 - ml4cascades.lammps.process - INFO - Starting the 23th trajectory in folder 24...
2026-03-09 16:16 - ml4cascades.lammps.process - INFO - Starting the 24th trajectory in folder 25...
2026-03-09 16:16 - ml4cascades.lammps.process - INFO - Starting the 25th trajectory in folder 26...
2026-03-09 16:17 - ml4cascades.lammps.process - INFO - Starting the 26th trajectory in folder 27...
2026-03-09 16:17 - ml4cascades.lammps.process - INFO - Starting the 27th trajectory in folder 28...
2026-03-09 16:18 - ml4cascades.lammps.process - INFO - Starting the 28th trajectory in folder 29...
2026-03-09 16:18 - ml4cascades.lammps.process - INFO - Starting the 29th trajectory in folder 30...
2026-03-09 16:19 - ml4cascades.lammps.process - INFO - #------------ Liquid atom analysis completed. ------------#/n
2026-03-09 16:20 - ml4cascades.lammps.process - INFO - #------------Liquid atom analysis, PKA_kin_eng: 1000 eV------------#
2026-03-09 16:20 - ml4cascades.lammps.process - INFO - Starting the 1th trajectory in folder 1...
2026-03-09 16:20 - ml4cascades.lammps.process - INFO - liquid.txt already exists in folder 1, skipping liquid atom analysis for this trajectory. Reading...
2026-03-09 16:20 - ml4cascades.lammps.process - WARNING - Time array length in folder 1: 721 frames are read.
2026-03-09 16:20 - ml4cascades.lammps.process - INFO - Starting the 2th trajectory in folder 2...
2026-03-09 16:20 - ml4cascades.lammps.process - INFO - liquid.txt already exists in folder 2, skipping liquid atom analysis for this trajectory. Reading...
2026-03-09 16:20 - ml4cascades.lammps.process - WARNING - Time array length in folder 2: 724 frames are read.
2026-03-09 16:20 - ml4cascades.lammps.process - INFO - Starting the 3th trajectory in folder 3...
2026-03-09 16:20 - ml4cascades.lammps.process - INFO - liquid.txt already exists in folder 3, skipping liquid atom analysis for this trajectory. Reading...
2026-03-09 16:20 - ml4cascades.lammps.process - WARNING - Time array length in folder 3: 723 frames are read.
2026-03-09 16:20 - ml4cascades.lammps.process - INFO - Starting the 4th trajectory in folder 4...
2026-03-09 16:20 - ml4cascades.lammps.process - INFO - Starting the 5th trajectory in folder 5...
2026-03-09 16:21 - ml4cascades.lammps.process - INFO - Starting the 6th trajectory in folder 6...
2026-03-09 16:21 - ml4cascades.lammps.process - INFO - Starting the 7th trajectory in folder 7...
2026-03-09 16:22 - ml4cascades.lammps.process - INFO - Starting the 8th trajectory in folder 8...
2026-03-09 16:23 - ml4cascades.lammps.process - INFO - Starting the 9th trajectory in folder 9...
2026-03-09 16:23 - ml4cascades.lammps.process - INFO - Starting the 10th trajectory in folder 10...
2026-03-09 16:24 - ml4cascades.lammps.process - INFO - Starting the 11th trajectory in folder 11...
2026-03-09 16:24 - ml4cascades.lammps.process - INFO - Starting the 12th trajectory in folder 12...
2026-03-09 16:25 - ml4cascades.lammps.process - INFO - Starting the 13th trajectory in folder 13...
2026-03-09 16:26 - ml4cascades.lammps.process - INFO - Starting the 14th trajectory in folder 14...
2026-03-09 16:26 - ml4cascades.lammps.process - INFO - Starting the 15th trajectory in folder 15...
2026-03-09 16:27 - ml4cascades.lammps.process - INFO - Starting the 16th trajectory in folder 16...
2026-03-09 16:27 - ml4cascades.lammps.process - INFO - Starting the 17th trajectory in folder 17...
2026-03-09 16:28 - ml4cascades.lammps.process - INFO - Starting the 18th trajectory in folder 18...
2026-03-09 16:28 - ml4cascades.lammps.process - INFO - Starting the 19th trajectory in folder 19...
2026-03-09 16:29 - ml4cascades.lammps.process - INFO - Starting the 20th trajectory in folder 20...
2026-03-09 16:30 - ml4cascades.lammps.process - INFO - Starting the 21th trajectory in folder 21...
2026-03-09 16:30 - ml4cascades.lammps.process - INFO - Starting the 22th trajectory in folder 22...
2026-03-09 16:31 - ml4cascades.lammps.process - INFO - Starting the 23th trajectory in folder 23...
2026-03-09 16:31 - ml4cascades.lammps.process - INFO - Starting the 24th trajectory in folder 24...
2026-03-09 16:32 - ml4cascades.lammps.process - INFO - Starting the 25th trajectory in folder 25...
2026-03-09 16:32 - ml4cascades.lammps.process - INFO - Starting the 26th trajectory in folder 26...
2026-03-09 16:33 - ml4cascades.lammps.process - INFO - Starting the 27th trajectory in folder 27...
2026-03-09 16:33 - ml4cascades.lammps.process - INFO - Starting the 28th trajectory in folder 28...
2026-03-09 16:34 - ml4cascades.lammps.process - INFO - Starting the 29th trajectory in folder 29...
2026-03-09 16:34 - ml4cascades.lammps.process - INFO - Starting the 30th trajectory in folder 30...
2026-03-09 16:35 - ml4cascades.lammps.process - INFO - #------------ Liquid atom analysis completed. ------------#/n
2026-03-09 16:35 - ml4cascades.lammps.process - INFO - #------------Liquid atom analysis, PKA_kin_eng: 1000 eV------------#
2026-03-09 16:35 - ml4cascades.lammps.process - INFO - Starting the 1th trajectory in folder 1...
2026-03-09 16:35 - ml4cascades.lammps.process - INFO - liquid.txt already exists in folder 1, skipping liquid atom analysis for this trajectory. Reading...
2026-03-09 16:35 - ml4cascades.lammps.process - WARNING - Time array length in folder 1: 723 frames are read.
2026-03-09 16:35 - ml4cascades.lammps.process - INFO - Starting the 2th trajectory in folder 2...
2026-03-09 16:35 - ml4cascades.lammps.process - INFO - liquid.txt already exists in folder 2, skipping liquid atom analysis for this trajectory. Reading...
2026-03-09 16:35 - ml4cascades.lammps.process - WARNING - Time array length in folder 2: 725 frames are read.
2026-03-09 16:35 - ml4cascades.lammps.process - INFO - Starting the 3th trajectory in folder 3...
2026-03-09 16:35 - ml4cascades.lammps.process - INFO - liquid.txt already exists in folder 3, skipping liquid atom analysis for this trajectory. Reading...
2026-03-09 16:35 - ml4cascades.lammps.process - WARNING - Time array length in folder 3: 724 frames are read.
2026-03-09 16:35 - ml4cascades.lammps.process - INFO - Starting the 4th trajectory in folder 4...
2026-03-09 16:36 - ml4cascades.lammps.process - INFO - Starting the 5th trajectory in folder 5...
2026-03-09 16:36 - ml4cascades.lammps.process - INFO - Starting the 6th trajectory in folder 6...
2026-03-09 16:37 - ml4cascades.lammps.process - INFO - Starting the 7th trajectory in folder 7...
2026-03-09 16:38 - ml4cascades.lammps.process - INFO - Starting the 8th trajectory in folder 8...
2026-03-09 16:38 - ml4cascades.lammps.process - INFO - Starting the 9th trajectory in folder 9...
2026-03-09 16:39 - ml4cascades.lammps.process - INFO - Starting the 10th trajectory in folder 10...
2026-03-09 16:39 - ml4cascades.lammps.process - INFO - Starting the 11th trajectory in folder 11...
2026-03-09 16:40 - ml4cascades.lammps.process - INFO - Starting the 12th trajectory in folder 12...
2026-03-09 16:40 - ml4cascades.lammps.process - INFO - Starting the 13th trajectory in folder 13...
2026-03-09 16:41 - ml4cascades.lammps.process - INFO - Starting the 14th trajectory in folder 14...
2026-03-09 16:41 - ml4cascades.lammps.process - INFO - Starting the 15th trajectory in folder 15...
2026-03-09 16:42 - ml4cascades.lammps.process - INFO - Starting the 16th trajectory in folder 16...
2026-03-09 16:42 - ml4cascades.lammps.process - INFO - Starting the 17th trajectory in folder 17...
2026-03-09 16:43 - ml4cascades.lammps.process - INFO - Starting the 18th trajectory in folder 18...
2026-03-09 16:43 - ml4cascades.lammps.process - INFO - Starting the 19th trajectory in folder 19...
2026-03-09 16:44 - ml4cascades.lammps.process - INFO - Starting the 20th trajectory in folder 20...
2026-03-09 16:44 - ml4cascades.lammps.process - INFO - Starting the 21th trajectory in folder 21...
2026-03-09 16:45 - ml4cascades.lammps.process - INFO - Starting the 22th trajectory in folder 22...
2026-03-09 16:45 - ml4cascades.lammps.process - INFO - Starting the 23th trajectory in folder 23...
2026-03-09 16:46 - ml4cascades.lammps.process - INFO - Starting the 24th trajectory in folder 24...
2026-03-09 16:46 - ml4cascades.lammps.process - INFO - Starting the 25th trajectory in folder 25...
2026-03-09 16:47 - ml4cascades.lammps.process - INFO - Starting the 26th trajectory in folder 26...
2026-03-09 16:47 - ml4cascades.lammps.process - INFO - Starting the 27th trajectory in folder 27...
2026-03-09 16:48 - ml4cascades.lammps.process - INFO - Starting the 28th trajectory in folder 28...
2026-03-09 16:48 - ml4cascades.lammps.process - INFO - Starting the 29th trajectory in folder 29...
2026-03-09 16:49 - ml4cascades.lammps.process - INFO - Starting the 30th trajectory in folder 30...
2026-03-09 16:49 - ml4cascades.lammps.process - INFO - #------------ Liquid atom analysis completed. ------------#/n
2026-03-09 16:51 - ml4cascades.lammps.process - INFO - #------------Liquid atom analysis, PKA_kin_eng: 1000 eV------------#
2026-03-09 16:51 - ml4cascades.lammps.process - INFO - Skipping trajectory 7 as it is in the exclude list.
2026-03-09 16:51 - ml4cascades.lammps.process - INFO - Starting the 1th trajectory in folder 1...
2026-03-09 16:51 - ml4cascades.lammps.process - INFO - liquid.txt already exists in folder 1, skipping liquid atom analysis for this trajectory. Reading...
2026-03-09 16:51 - ml4cascades.lammps.process - WARNING - Time array length in folder 1: 722 frames are read.
2026-03-09 16:51 - ml4cascades.lammps.process - INFO - Starting the 2th trajectory in folder 2...
2026-03-09 16:51 - ml4cascades.lammps.process - INFO - liquid.txt already exists in folder 2, skipping liquid atom analysis for this trajectory. Reading...
2026-03-09 16:51 - ml4cascades.lammps.process - WARNING - Time array length in folder 2: 729 frames are read.
2026-03-09 16:51 - ml4cascades.lammps.process - INFO - Starting the 3th trajectory in folder 3...
2026-03-09 16:51 - ml4cascades.lammps.process - INFO - liquid.txt already exists in folder 3, skipping liquid atom analysis for this trajectory. Reading...
2026-03-09 16:51 - ml4cascades.lammps.process - WARNING - Time array length in folder 3: 725 frames are read.
2026-03-09 16:51 - ml4cascades.lammps.process - INFO - Starting the 4th trajectory in folder 4...
2026-03-09 16:52 - ml4cascades.lammps.process - INFO - Starting the 5th trajectory in folder 5...
2026-03-09 16:54 - ml4cascades.lammps.process - INFO - Starting the 6th trajectory in folder 6...
2026-03-09 16:54 - ml4cascades.lammps.process - INFO - Starting the 7th trajectory in folder 8...
2026-03-09 16:55 - ml4cascades.lammps.process - INFO - Starting the 8th trajectory in folder 9...
2026-03-09 16:56 - ml4cascades.lammps.process - INFO - Starting the 9th trajectory in folder 10...
2026-03-09 16:57 - ml4cascades.lammps.process - INFO - Starting the 10th trajectory in folder 11...
2026-03-09 16:58 - ml4cascades.lammps.process - INFO - Starting the 11th trajectory in folder 12...
2026-03-09 16:58 - ml4cascades.lammps.process - INFO - Starting the 12th trajectory in folder 13...
2026-03-09 16:59 - ml4cascades.lammps.process - INFO - Starting the 13th trajectory in folder 14...
2026-03-09 17:00 - ml4cascades.lammps.process - INFO - Starting the 14th trajectory in folder 15...
2026-03-09 17:01 - ml4cascades.lammps.process - INFO - Starting the 15th trajectory in folder 16...
2026-03-09 17:01 - ml4cascades.lammps.process - INFO - Starting the 16th trajectory in folder 17...
2026-03-09 17:02 - ml4cascades.lammps.process - INFO - Starting the 17th trajectory in folder 18...
2026-03-09 17:02 - ml4cascades.lammps.process - INFO - Starting the 18th trajectory in folder 19...
2026-03-09 17:03 - ml4cascades.lammps.process - INFO - Starting the 19th trajectory in folder 20...
2026-03-09 17:04 - ml4cascades.lammps.process - INFO - Starting the 20th trajectory in folder 21...
2026-03-09 17:04 - ml4cascades.lammps.process - INFO - Starting the 21th trajectory in folder 22...
2026-03-09 17:05 - ml4cascades.lammps.process - INFO - Starting the 22th trajectory in folder 23...
2026-03-09 17:05 - ml4cascades.lammps.process - INFO - Starting the 23th trajectory in folder 24...
2026-03-09 17:06 - ml4cascades.lammps.process - INFO - Starting the 24th trajectory in folder 25...
2026-03-09 17:07 - ml4cascades.lammps.process - INFO - Starting the 25th trajectory in folder 26...
2026-03-09 17:07 - ml4cascades.lammps.process - INFO - Starting the 26th trajectory in folder 27...
2026-03-09 17:08 - ml4cascades.lammps.process - INFO - Starting the 27th trajectory in folder 28...
2026-03-09 17:08 - ml4cascades.lammps.process - INFO - Starting the 28th trajectory in folder 29...
2026-03-09 17:09 - ml4cascades.lammps.process - INFO - Starting the 29th trajectory in folder 30...
2026-03-09 17:10 - ml4cascades.lammps.process - INFO - #------------ Liquid atom analysis completed. ------------#/n
2026-03-09 17:21 - ml4cascades.lammps.process - INFO - #------------R2 analysis, PKA_kin_eng: 1000 eV------------#
2026-03-09 17:21 - ml4cascades.lammps.process - INFO - Starting the 1th trajectory in folder 1...
2026-03-09 17:24 - ml4cascades.lammps.process - INFO - #------------R2 analysis, PKA_kin_eng: 1000 eV------------#
2026-03-09 17:24 - ml4cascades.lammps.process - INFO - Starting the 1th trajectory in folder 1...
2026-03-09 17:27 - ml4cascades.lammps.process - INFO - #------------ Liquid atom analysis completed. ------------#/n
2026-03-09 18:02 - ml4cascades.lammps.process - INFO - #------------R2 analysis, PKA_kin_eng: 1000 eV------------#
2026-03-09 18:02 - ml4cascades.lammps.process - INFO - Starting the 1th trajectory in folder 1...
2026-03-09 18:13 - ml4cascades.lammps.process - INFO - #------------R2 analysis, PKA_kin_eng: 1000 eV------------#
2026-03-09 18:13 - ml4cascades.lammps.process - INFO - Starting the 1th trajectory in folder 1...
2026-03-09 18:13 - ml4cascades.lammps.process - INFO - #------------ Liquid atom analysis completed. ------------#/n
2026-03-09 18:19 - ml4cascades.lammps.process - INFO - #------------R2 analysis, PKA_kin_eng: 1000 eV------------#
2026-03-09 18:19 - ml4cascades.lammps.process - INFO - Starting the 1th trajectory in folder 1...
2026-03-09 18:19 - ml4cascades.lammps.process - INFO - #------------R2 analysis, PKA_kin_eng: 1000 eV------------#
2026-03-09 18:19 - ml4cascades.lammps.process - INFO - Starting the 1th trajectory in folder 1...
2026-03-09 18:20 - ml4cascades.lammps.process - INFO - #------------R2 analysis, PKA_kin_eng: 1000 eV------------#
2026-03-09 18:20 - ml4cascades.lammps.process - INFO - Starting the 1th trajectory in folder 1...
2026-03-09 18:27 - ml4cascades.lammps.process - INFO - #------------R2 analysis, PKA_kin_eng: 1000 eV------------#
2026-03-09 18:27 - ml4cascades.lammps.process - INFO - Starting the 1th trajectory in folder 1...
2026-03-09 21:24 - ml4cascades.lammps.process - INFO - #------------R2 analysis, PKA_kin_eng: 1000 eV------------#
2026-03-09 21:24 - ml4cascades.lammps.process - INFO - Starting the 1th trajectory in folder 1...
2026-03-09 21:24 - ml4cascades.lammps.process - INFO - #------------ Liquid atom analysis completed. ------------#/n
2026-03-09 21:25 - ml4cascades.lammps.process - INFO - #------------R2 analysis, PKA_kin_eng: 1000 eV------------#
2026-03-09 21:25 - ml4cascades.lammps.process - INFO - Starting the 1th trajectory in folder 1...
2026-03-09 21:26 - ml4cascades.lammps.process - INFO - #------------ Liquid atom analysis completed. ------------#/n
2026-03-10 09:25 - ml4cascades.lammps.process - INFO - #------------R2 analysis, PKA_kin_eng: 1000 eV------------#
2026-03-10 09:25 - ml4cascades.lammps.process - INFO - Starting the 1th trajectory in folder 1...
2026-03-10 09:26 - ml4cascades.lammps.process - INFO - #------------ Liquid atom analysis completed. ------------#/n
2026-03-10 09:26 - ml4cascades.lammps.process - INFO - #------------R2 analysis, PKA_kin_eng: 1000 eV------------#
2026-03-10 09:26 - ml4cascades.lammps.process - INFO - Starting the 1th trajectory in folder 1...
2026-03-10 09:27 - ml4cascades.lammps.process - INFO - #------------ Liquid atom analysis completed. ------------#/n
2026-03-10 09:27 - ml4cascades.lammps.process - INFO - #------------R2 analysis, PKA_kin_eng: 1000 eV------------#
2026-03-10 09:27 - ml4cascades.lammps.process - INFO - Starting the 1th trajectory in folder 1...
2026-03-10 09:27 - ml4cascades.lammps.process - INFO - #------------ Liquid atom analysis completed. ------------#/n
2026-03-10 09:28 - ml4cascades.lammps.process - INFO - #------------R2 analysis, PKA_kin_eng: 1000 eV------------#
2026-03-10 09:28 - ml4cascades.lammps.process - INFO - Starting the 1th trajectory in folder 1...
2026-03-10 09:29 - ml4cascades.lammps.process - INFO - #------------ Liquid atom analysis completed. ------------#/n
2026-03-10 09:30 - ml4cascades.lammps.process - INFO - #------------R2 analysis, PKA_kin_eng: 1000 eV------------#
2026-03-10 09:30 - ml4cascades.lammps.process - INFO - Starting the 1th trajectory in folder 1...
2026-03-10 09:30 - ml4cascades.lammps.process - INFO - #------------ Liquid atom analysis completed. ------------#/n
2026-03-10 10:18 - ml4cascades.lammps.process - INFO - #------------R2 analysis, PKA_kin_eng: 1000 eV------------#
2026-03-10 10:18 - ml4cascades.lammps.process - INFO - Skipping trajectory 7 as it is in the exclude list.
2026-03-10 10:18 - ml4cascades.lammps.process - INFO - Starting the 1th trajectory in folder 1...
2026-03-10 10:19 - ml4cascades.lammps.process - INFO - Starting the 2th trajectory in folder 2...
2026-03-10 10:19 - ml4cascades.lammps.process - INFO - Starting the 3th trajectory in folder 3...
2026-03-10 10:20 - ml4cascades.lammps.process - INFO - Starting the 4th trajectory in folder 4...
2026-03-10 10:20 - ml4cascades.lammps.process - INFO - Starting the 5th trajectory in folder 5...
2026-03-10 10:21 - ml4cascades.lammps.process - INFO - Starting the 6th trajectory in folder 6...
2026-03-10 10:22 - ml4cascades.lammps.process - INFO - Starting the 7th trajectory in folder 8...
2026-03-10 10:23 - ml4cascades.lammps.process - INFO - Starting the 8th trajectory in folder 9...
2026-03-10 10:23 - ml4cascades.lammps.process - INFO - Starting the 9th trajectory in folder 10...
2026-03-10 10:24 - ml4cascades.lammps.process - INFO - Starting the 10th trajectory in folder 11...
2026-03-10 10:25 - ml4cascades.lammps.process - INFO - Starting the 11th trajectory in folder 12...
2026-03-10 10:25 - ml4cascades.lammps.process - INFO - Starting the 12th trajectory in folder 13...
2026-03-10 10:26 - ml4cascades.lammps.process - INFO - Starting the 13th trajectory in folder 14...
2026-03-10 10:27 - ml4cascades.lammps.process - INFO - Starting the 14th trajectory in folder 15...
2026-03-10 10:27 - ml4cascades.lammps.process - INFO - Starting the 15th trajectory in folder 16...
2026-03-10 10:28 - ml4cascades.lammps.process - INFO - Starting the 16th trajectory in folder 17...
2026-03-10 10:28 - ml4cascades.lammps.process - INFO - Starting the 17th trajectory in folder 18...
2026-03-10 10:29 - ml4cascades.lammps.process - INFO - Starting the 18th trajectory in folder 19...
2026-03-10 10:29 - ml4cascades.lammps.process - INFO - Starting the 19th trajectory in folder 20...
2026-03-10 10:30 - ml4cascades.lammps.process - INFO - Starting the 20th trajectory in folder 21...
2026-03-10 10:31 - ml4cascades.lammps.process - INFO - Starting the 21th trajectory in folder 22...
2026-03-10 10:31 - ml4cascades.lammps.process - INFO - Starting the 22th trajectory in folder 23...
2026-03-10 10:32 - ml4cascades.lammps.process - INFO - Starting the 23th trajectory in folder 24...
2026-03-10 10:32 - ml4cascades.lammps.process - INFO - Starting the 24th trajectory in folder 25...
2026-03-10 10:33 - ml4cascades.lammps.process - INFO - Starting the 25th trajectory in folder 26...
2026-03-10 10:33 - ml4cascades.lammps.process - INFO - Starting the 26th trajectory in folder 27...
2026-03-10 10:34 - ml4cascades.lammps.process - INFO - Starting the 27th trajectory in folder 28...
2026-03-10 10:34 - ml4cascades.lammps.process - INFO - Starting the 28th trajectory in folder 29...
2026-03-10 10:35 - ml4cascades.lammps.process - INFO - Starting the 29th trajectory in folder 30...
2026-03-10 10:35 - ml4cascades.lammps.process - INFO - #------------ R2 analysis completed. ------------#/n
2026-03-10 10:39 - ml4cascades.lammps.process - INFO - #------------Cluster analysis, PKA_kin_eng: 1000 eV, cutoff: 8.1 Å------------#
2026-03-10 10:39 - ml4cascades.lammps.process - INFO - Starting the 0th trajectory in folder 1...
2026-03-10 10:39 - ml4cascades.lammps.process - INFO - Starting the 0th trajectory in folder 2...
2026-03-10 10:39 - ml4cascades.lammps.process - INFO - #------------ Cluster analysis completed. ------------#

2026-03-10 10:40 - ml4cascades.lammps.process - INFO - #------------Cluster analysis, PKA_kin_eng: 1000 eV, cutoff: 8.1 Å------------#
2026-03-10 10:40 - ml4cascades.lammps.process - INFO - Starting the 0th trajectory in folder 1...
2026-03-10 10:40 - ml4cascades.lammps.process - INFO - Starting the 0th trajectory in folder 2...
2026-03-10 10:40 - ml4cascades.lammps.process - INFO - #------------ Cluster analysis completed. ------------#

2026-03-10 10:41 - ml4cascades.lammps.process - INFO - #------------Cluster analysis, PKA_kin_eng: 1000 eV, cutoff: 8.1 Å------------#
2026-03-10 10:41 - ml4cascades.lammps.process - INFO - Starting the 0th trajectory in folder 1...
2026-03-10 10:41 - ml4cascades.lammps.process - INFO - Starting the 0th trajectory in folder 2...
2026-03-10 10:41 - ml4cascades.lammps.process - INFO - #------------ Cluster analysis completed. ------------#

2026-03-10 10:42 - ml4cascades.lammps.process - INFO - #------------Cluster analysis, PKA_kin_eng: 1000 eV, cutoff: 8.1 Å------------#
2026-03-10 10:42 - ml4cascades.lammps.process - INFO - Starting the 0th trajectory in folder 1...
2026-03-10 10:42 - ml4cascades.lammps.process - INFO - Starting the 0th trajectory in folder 2...
2026-03-10 10:42 - ml4cascades.lammps.process - INFO - #------------ Cluster analysis completed. ------------#

2026-03-10 10:42 - ml4cascades.lammps.process - INFO - #------------Cluster analysis, PKA_kin_eng: 1000 eV, cutoff: 8.1 Å------------#
2026-03-10 10:42 - ml4cascades.lammps.process - INFO - Starting the 0th trajectory in folder 1...
2026-03-10 10:42 - ml4cascades.lammps.process - INFO - Starting the 0th trajectory in folder 2...
2026-03-10 10:42 - ml4cascades.lammps.process - INFO - #------------ Cluster analysis completed. ------------#

2026-03-10 10:43 - ml4cascades.lammps.process - INFO - #------------Cluster analysis, PKA_kin_eng: 1000 eV, cutoff: 8.1 Å------------#
2026-03-10 10:43 - ml4cascades.lammps.process - INFO - Skipping trajectory 7 as it is in the exclude list.
2026-03-10 10:43 - ml4cascades.lammps.process - INFO - Starting the 0th trajectory in folder 1...
2026-03-10 10:44 - ml4cascades.lammps.process - INFO - Starting the 0th trajectory in folder 2...
2026-03-10 10:44 - ml4cascades.lammps.process - INFO - Starting the 0th trajectory in folder 3...
2026-03-10 10:44 - ml4cascades.lammps.process - INFO - Starting the 0th trajectory in folder 4...
2026-03-10 10:44 - ml4cascades.lammps.process - INFO - Starting the 0th trajectory in folder 5...
2026-03-10 10:44 - ml4cascades.lammps.process - INFO - Starting the 0th trajectory in folder 6...
2026-03-10 10:44 - ml4cascades.lammps.process - INFO - Starting the 0th trajectory in folder 8...
2026-03-10 10:44 - ml4cascades.lammps.process - INFO - Starting the 0th trajectory in folder 9...
2026-03-10 10:44 - ml4cascades.lammps.process - INFO - Starting the 0th trajectory in folder 10...
2026-03-10 10:44 - ml4cascades.lammps.process - INFO - Starting the 0th trajectory in folder 11...
2026-03-10 10:44 - ml4cascades.lammps.process - INFO - Starting the 0th trajectory in folder 12...
2026-03-10 10:44 - ml4cascades.lammps.process - INFO - Starting the 0th trajectory in folder 13...
2026-03-10 10:44 - ml4cascades.lammps.process - INFO - Starting the 0th trajectory in folder 14...
2026-03-10 10:45 - ml4cascades.lammps.process - INFO - Starting the 0th trajectory in folder 15...
2026-03-10 10:45 - ml4cascades.lammps.process - INFO - Starting the 0th trajectory in folder 16...
2026-03-10 10:45 - ml4cascades.lammps.process - INFO - Starting the 0th trajectory in folder 17...
2026-03-10 10:45 - ml4cascades.lammps.process - INFO - Starting the 0th trajectory in folder 18...
2026-03-10 10:45 - ml4cascades.lammps.process - INFO - Starting the 0th trajectory in folder 19...
2026-03-10 10:45 - ml4cascades.lammps.process - INFO - Starting the 0th trajectory in folder 20...
2026-03-10 10:45 - ml4cascades.lammps.process - INFO - Starting the 0th trajectory in folder 21...
2026-03-10 10:45 - ml4cascades.lammps.process - INFO - Starting the 0th trajectory in folder 22...
2026-03-10 10:45 - ml4cascades.lammps.process - INFO - Starting the 0th trajectory in folder 23...
2026-03-10 10:45 - ml4cascades.lammps.process - INFO - Starting the 0th trajectory in folder 24...
2026-03-10 10:45 - ml4cascades.lammps.process - INFO - Starting the 0th trajectory in folder 25...
2026-03-10 10:45 - ml4cascades.lammps.process - INFO - Starting the 0th trajectory in folder 26...
2026-03-10 10:45 - ml4cascades.lammps.process - INFO - Starting the 0th trajectory in folder 27...
2026-03-10 10:46 - ml4cascades.lammps.process - INFO - Starting the 0th trajectory in folder 28...
2026-03-10 10:46 - ml4cascades.lammps.process - INFO - Starting the 0th trajectory in folder 29...
2026-03-10 10:46 - ml4cascades.lammps.process - INFO - Starting the 0th trajectory in folder 30...
2026-03-10 10:46 - ml4cascades.lammps.process - INFO - #------------ Cluster analysis completed. ------------#

2026-03-10 10:50 - ml4cascades.lammps.process - INFO - #------------Cluster analysis, PKA_kin_eng: 1000 eV, cutoff: 8.1 Å------------#
2026-03-10 10:50 - ml4cascades.lammps.process - INFO - Skipping trajectory 7 as it is in the exclude list.
2026-03-10 10:50 - ml4cascades.lammps.process - INFO - Starting the 0th trajectory in folder 1...
2026-03-10 10:51 - ml4cascades.lammps.process - INFO - Starting the 0th trajectory in folder 2...
2026-03-10 10:51 - ml4cascades.lammps.process - INFO - Starting the 0th trajectory in folder 3...
2026-03-10 10:51 - ml4cascades.lammps.process - INFO - Starting the 0th trajectory in folder 4...
2026-03-10 10:51 - ml4cascades.lammps.process - INFO - Starting the 0th trajectory in folder 5...
2026-03-10 10:51 - ml4cascades.lammps.process - INFO - Starting the 0th trajectory in folder 6...
2026-03-10 10:51 - ml4cascades.lammps.process - INFO - Starting the 0th trajectory in folder 8...
2026-03-10 10:51 - ml4cascades.lammps.process - INFO - Starting the 0th trajectory in folder 9...
2026-03-10 10:51 - ml4cascades.lammps.process - INFO - Starting the 0th trajectory in folder 10...
2026-03-10 10:51 - ml4cascades.lammps.process - INFO - Starting the 0th trajectory in folder 11...
2026-03-10 10:51 - ml4cascades.lammps.process - INFO - Starting the 0th trajectory in folder 12...
2026-03-10 10:51 - ml4cascades.lammps.process - INFO - Starting the 0th trajectory in folder 13...
2026-03-10 10:51 - ml4cascades.lammps.process - INFO - Starting the 0th trajectory in folder 14...
2026-03-10 10:52 - ml4cascades.lammps.process - INFO - Starting the 0th trajectory in folder 15...
2026-03-10 10:52 - ml4cascades.lammps.process - INFO - Starting the 0th trajectory in folder 16...
2026-03-10 10:52 - ml4cascades.lammps.process - INFO - Starting the 0th trajectory in folder 17...
2026-03-10 10:52 - ml4cascades.lammps.process - INFO - Starting the 0th trajectory in folder 18...
2026-03-10 10:52 - ml4cascades.lammps.process - INFO - Starting the 0th trajectory in folder 19...
2026-03-10 10:52 - ml4cascades.lammps.process - INFO - Starting the 0th trajectory in folder 20...
2026-03-10 10:52 - ml4cascades.lammps.process - INFO - Starting the 0th trajectory in folder 21...
2026-03-10 10:52 - ml4cascades.lammps.process - INFO - Starting the 0th trajectory in folder 22...
2026-03-10 10:52 - ml4cascades.lammps.process - INFO - Starting the 0th trajectory in folder 23...
2026-03-10 10:52 - ml4cascades.lammps.process - INFO - Starting the 0th trajectory in folder 24...
2026-03-10 10:52 - ml4cascades.lammps.process - INFO - Starting the 0th trajectory in folder 25...
2026-03-10 10:52 - ml4cascades.lammps.process - INFO - Starting the 0th trajectory in folder 26...
2026-03-10 10:52 - ml4cascades.lammps.process - INFO - Starting the 0th trajectory in folder 27...
2026-03-10 10:52 - ml4cascades.lammps.process - INFO - Starting the 0th trajectory in folder 28...
2026-03-10 10:53 - ml4cascades.lammps.process - INFO - Starting the 0th trajectory in folder 29...
2026-03-10 10:53 - ml4cascades.lammps.process - INFO - Starting the 0th trajectory in folder 30...
2026-03-10 10:53 - ml4cascades.lammps.process - INFO - #------------ Cluster analysis completed. ------------#

2026-03-10 10:57 - ml4cascades.lammps.process - INFO - #------------Cluster analysis, PKA_kin_eng: 1000 eV, cutoff: 8.1 Å------------#
2026-03-10 10:57 - ml4cascades.lammps.process - INFO - Skipping trajectory 7 as it is in the exclude list.
2026-03-10 10:57 - ml4cascades.lammps.process - INFO - Starting the 0th trajectory in folder 1...
2026-03-10 10:57 - ml4cascades.lammps.process - INFO - Starting the 0th trajectory in folder 2...
2026-03-10 10:57 - ml4cascades.lammps.process - INFO - Starting the 0th trajectory in folder 3...
2026-03-10 10:57 - ml4cascades.lammps.process - INFO - Starting the 0th trajectory in folder 4...
2026-03-10 10:57 - ml4cascades.lammps.process - INFO - Starting the 0th trajectory in folder 5...
2026-03-10 10:57 - ml4cascades.lammps.process - INFO - Starting the 0th trajectory in folder 6...
2026-03-10 10:57 - ml4cascades.lammps.process - INFO - Starting the 0th trajectory in folder 8...
2026-03-10 10:57 - ml4cascades.lammps.process - INFO - Starting the 0th trajectory in folder 9...
2026-03-10 10:57 - ml4cascades.lammps.process - INFO - Starting the 0th trajectory in folder 10...
2026-03-10 10:58 - ml4cascades.lammps.process - INFO - Starting the 0th trajectory in folder 11...
2026-03-10 10:58 - ml4cascades.lammps.process - INFO - Starting the 0th trajectory in folder 12...
2026-03-10 10:58 - ml4cascades.lammps.process - INFO - Starting the 0th trajectory in folder 13...
2026-03-10 10:58 - ml4cascades.lammps.process - INFO - Starting the 0th trajectory in folder 14...
2026-03-10 10:58 - ml4cascades.lammps.process - INFO - Starting the 0th trajectory in folder 15...
2026-03-10 10:58 - ml4cascades.lammps.process - INFO - Starting the 0th trajectory in folder 16...
2026-03-10 10:58 - ml4cascades.lammps.process - INFO - Starting the 0th trajectory in folder 17...
2026-03-10 10:58 - ml4cascades.lammps.process - INFO - Starting the 0th trajectory in folder 18...
2026-03-10 10:58 - ml4cascades.lammps.process - INFO - Starting the 0th trajectory in folder 19...
2026-03-10 10:58 - ml4cascades.lammps.process - INFO - Starting the 0th trajectory in folder 20...
2026-03-10 10:58 - ml4cascades.lammps.process - INFO - Starting the 0th trajectory in folder 21...
2026-03-10 10:58 - ml4cascades.lammps.process - INFO - Starting the 0th trajectory in folder 22...
2026-03-10 10:58 - ml4cascades.lammps.process - INFO - Starting the 0th trajectory in folder 23...
2026-03-10 10:58 - ml4cascades.lammps.process - INFO - Starting the 0th trajectory in folder 24...
2026-03-10 10:59 - ml4cascades.lammps.process - INFO - Starting the 0th trajectory in folder 25...
2026-03-10 10:59 - ml4cascades.lammps.process - INFO - Starting the 0th trajectory in folder 26...
2026-03-10 10:59 - ml4cascades.lammps.process - INFO - Starting the 0th trajectory in folder 27...
2026-03-10 10:59 - ml4cascades.lammps.process - INFO - Starting the 0th trajectory in folder 28...
2026-03-10 10:59 - ml4cascades.lammps.process - INFO - Starting the 0th trajectory in folder 29...
2026-03-10 10:59 - ml4cascades.lammps.process - INFO - Starting the 0th trajectory in folder 30...
2026-03-10 10:59 - ml4cascades.lammps.process - INFO - #------------ Cluster analysis completed. ------------#

2026-03-10 11:01 - ml4cascades.lammps.process - INFO - #------------Cluster analysis, PKA_kin_eng: 1000 eV, cutoff: 8.1 Å------------#
2026-03-10 11:01 - ml4cascades.lammps.process - INFO - Skipping trajectory 7 as it is in the exclude list.
2026-03-10 11:01 - ml4cascades.lammps.process - INFO - Starting the 0th trajectory in folder 1...
2026-03-10 11:01 - ml4cascades.lammps.process - INFO - Starting the 0th trajectory in folder 2...
2026-03-10 11:01 - ml4cascades.lammps.process - INFO - Starting the 0th trajectory in folder 3...
2026-03-10 11:01 - ml4cascades.lammps.process - INFO - Starting the 0th trajectory in folder 4...
2026-03-10 11:01 - ml4cascades.lammps.process - INFO - Starting the 0th trajectory in folder 5...
2026-03-10 11:01 - ml4cascades.lammps.process - INFO - Starting the 0th trajectory in folder 6...
2026-03-10 11:02 - ml4cascades.lammps.process - INFO - Starting the 0th trajectory in folder 8...
2026-03-10 11:02 - ml4cascades.lammps.process - INFO - Starting the 0th trajectory in folder 9...
2026-03-10 11:02 - ml4cascades.lammps.process - INFO - Starting the 0th trajectory in folder 10...
2026-03-10 11:02 - ml4cascades.lammps.process - INFO - Starting the 0th trajectory in folder 11...
2026-03-10 11:02 - ml4cascades.lammps.process - INFO - Starting the 0th trajectory in folder 12...
2026-03-10 11:02 - ml4cascades.lammps.process - INFO - Starting the 0th trajectory in folder 13...
2026-03-10 11:02 - ml4cascades.lammps.process - INFO - Starting the 0th trajectory in folder 14...
2026-03-10 11:02 - ml4cascades.lammps.process - INFO - Starting the 0th trajectory in folder 15...
2026-03-10 11:02 - ml4cascades.lammps.process - INFO - Starting the 0th trajectory in folder 16...
2026-03-10 11:02 - ml4cascades.lammps.process - INFO - Starting the 0th trajectory in folder 17...
2026-03-10 11:02 - ml4cascades.lammps.process - INFO - Starting the 0th trajectory in folder 18...
2026-03-10 11:02 - ml4cascades.lammps.process - INFO - Starting the 0th trajectory in folder 19...
2026-03-10 11:02 - ml4cascades.lammps.process - INFO - Starting the 0th trajectory in folder 20...
2026-03-10 11:02 - ml4cascades.lammps.process - INFO - Starting the 0th trajectory in folder 21...
2026-03-10 11:03 - ml4cascades.lammps.process - INFO - Starting the 0th trajectory in folder 22...
2026-03-10 11:03 - ml4cascades.lammps.process - INFO - Starting the 0th trajectory in folder 23...
2026-03-10 11:03 - ml4cascades.lammps.process - INFO - Starting the 0th trajectory in folder 24...
2026-03-10 11:03 - ml4cascades.lammps.process - INFO - Starting the 0th trajectory in folder 25...
2026-03-10 11:03 - ml4cascades.lammps.process - INFO - Starting the 0th trajectory in folder 26...
2026-03-10 11:03 - ml4cascades.lammps.process - INFO - Starting the 0th trajectory in folder 27...
2026-03-10 11:03 - ml4cascades.lammps.process - INFO - Starting the 0th trajectory in folder 28...
2026-03-10 11:03 - ml4cascades.lammps.process - INFO - Starting the 0th trajectory in folder 29...
2026-03-10 11:03 - ml4cascades.lammps.process - INFO - Starting the 0th trajectory in folder 30...
2026-03-10 11:03 - ml4cascades.lammps.process - INFO - #------------ Cluster analysis completed. ------------#

2026-03-10 11:06 - ml4cascades.lammps.process - INFO - #------------Cluster analysis, PKA_kin_eng: 1000 eV, cutoff: 8.1 Å------------#
2026-03-10 11:06 - ml4cascades.lammps.process - INFO - Skipping trajectory 7 as it is in the exclude list.
2026-03-10 11:06 - ml4cascades.lammps.process - INFO - Starting the 1th trajectory in folder 1...
2026-03-10 11:07 - ml4cascades.lammps.process - INFO - Starting the 2th trajectory in folder 2...
2026-03-10 11:07 - ml4cascades.lammps.process - INFO - Starting the 3th trajectory in folder 3...
2026-03-10 11:07 - ml4cascades.lammps.process - INFO - Starting the 4th trajectory in folder 4...
2026-03-10 11:07 - ml4cascades.lammps.process - INFO - Starting the 5th trajectory in folder 5...
2026-03-10 11:07 - ml4cascades.lammps.process - INFO - Starting the 6th trajectory in folder 6...
2026-03-10 11:07 - ml4cascades.lammps.process - INFO - Starting the 7th trajectory in folder 8...
2026-03-10 11:07 - ml4cascades.lammps.process - INFO - Starting the 8th trajectory in folder 9...
2026-03-10 11:07 - ml4cascades.lammps.process - INFO - Starting the 9th trajectory in folder 10...
2026-03-10 11:07 - ml4cascades.lammps.process - INFO - Starting the 10th trajectory in folder 11...
2026-03-10 11:07 - ml4cascades.lammps.process - INFO - Starting the 11th trajectory in folder 12...
2026-03-10 11:07 - ml4cascades.lammps.process - INFO - Starting the 12th trajectory in folder 13...
2026-03-10 11:07 - ml4cascades.lammps.process - INFO - Starting the 13th trajectory in folder 14...
2026-03-10 11:07 - ml4cascades.lammps.process - INFO - Starting the 14th trajectory in folder 15...
2026-03-10 11:08 - ml4cascades.lammps.process - INFO - Starting the 15th trajectory in folder 16...
2026-03-10 11:08 - ml4cascades.lammps.process - INFO - Starting the 16th trajectory in folder 17...
2026-03-10 11:08 - ml4cascades.lammps.process - INFO - Starting the 17th trajectory in folder 18...
2026-03-10 11:08 - ml4cascades.lammps.process - INFO - Starting the 18th trajectory in folder 19...
2026-03-10 11:08 - ml4cascades.lammps.process - INFO - Starting the 19th trajectory in folder 20...
2026-03-10 11:08 - ml4cascades.lammps.process - INFO - Starting the 20th trajectory in folder 21...
2026-03-10 11:08 - ml4cascades.lammps.process - INFO - Starting the 21th trajectory in folder 22...
2026-03-10 11:08 - ml4cascades.lammps.process - INFO - Starting the 22th trajectory in folder 23...
2026-03-10 11:08 - ml4cascades.lammps.process - INFO - Starting the 23th trajectory in folder 24...
2026-03-10 11:08 - ml4cascades.lammps.process - INFO - Starting the 24th trajectory in folder 25...
2026-03-10 11:08 - ml4cascades.lammps.process - INFO - Starting the 25th trajectory in folder 26...
2026-03-10 11:08 - ml4cascades.lammps.process - INFO - Starting the 26th trajectory in folder 27...
2026-03-10 11:08 - ml4cascades.lammps.process - INFO - Starting the 27th trajectory in folder 28...
2026-03-10 11:09 - ml4cascades.lammps.process - INFO - Starting the 28th trajectory in folder 29...
2026-03-10 11:09 - ml4cascades.lammps.process - INFO - Starting the 29th trajectory in folder 30...
2026-03-10 11:09 - ml4cascades.lammps.process - INFO - #------------ Cluster analysis completed. ------------#

2026-03-10 11:21 - ml4cascades.lammps.process - INFO - #------------Cluster analysis, PKA_kin_eng: 1000 eV, cutoff: 8.1 Å------------#
2026-03-10 11:21 - ml4cascades.lammps.process - INFO - Skipping trajectory 7 as it is in the exclude list.
2026-03-10 11:21 - ml4cascades.lammps.process - INFO - Starting the 1th trajectory in folder 1...
2026-03-10 11:21 - ml4cascades.lammps.process - INFO - Starting the 2th trajectory in folder 2...
2026-03-10 11:21 - ml4cascades.lammps.process - INFO - Starting the 3th trajectory in folder 3...
2026-03-10 11:21 - ml4cascades.lammps.process - INFO - Starting the 4th trajectory in folder 4...
2026-03-10 11:21 - ml4cascades.lammps.process - INFO - Starting the 5th trajectory in folder 5...
2026-03-10 11:21 - ml4cascades.lammps.process - INFO - Starting the 6th trajectory in folder 6...
2026-03-10 11:21 - ml4cascades.lammps.process - INFO - Starting the 7th trajectory in folder 8...
2026-03-10 11:21 - ml4cascades.lammps.process - INFO - Starting the 8th trajectory in folder 9...
2026-03-10 11:22 - ml4cascades.lammps.process - INFO - Starting the 9th trajectory in folder 10...
2026-03-10 11:22 - ml4cascades.lammps.process - INFO - Starting the 10th trajectory in folder 11...
2026-03-10 11:22 - ml4cascades.lammps.process - INFO - Starting the 11th trajectory in folder 12...
2026-03-10 11:22 - ml4cascades.lammps.process - INFO - Starting the 12th trajectory in folder 13...
2026-03-10 11:22 - ml4cascades.lammps.process - INFO - Starting the 13th trajectory in folder 14...
2026-03-10 11:22 - ml4cascades.lammps.process - INFO - Starting the 14th trajectory in folder 15...
2026-03-10 11:22 - ml4cascades.lammps.process - INFO - Starting the 15th trajectory in folder 16...
2026-03-10 11:22 - ml4cascades.lammps.process - INFO - Starting the 16th trajectory in folder 17...
2026-03-10 11:22 - ml4cascades.lammps.process - INFO - Starting the 17th trajectory in folder 18...
2026-03-10 11:22 - ml4cascades.lammps.process - INFO - Starting the 18th trajectory in folder 19...
2026-03-10 11:22 - ml4cascades.lammps.process - INFO - Starting the 19th trajectory in folder 20...
2026-03-10 11:22 - ml4cascades.lammps.process - INFO - Starting the 20th trajectory in folder 21...
2026-03-10 11:22 - ml4cascades.lammps.process - INFO - Starting the 21th trajectory in folder 22...
2026-03-10 11:23 - ml4cascades.lammps.process - INFO - Starting the 22th trajectory in folder 23...
2026-03-10 11:23 - ml4cascades.lammps.process - INFO - Starting the 23th trajectory in folder 24...
2026-03-10 11:23 - ml4cascades.lammps.process - INFO - Starting the 24th trajectory in folder 25...
2026-03-10 11:23 - ml4cascades.lammps.process - INFO - Starting the 25th trajectory in folder 26...
2026-03-10 11:23 - ml4cascades.lammps.process - INFO - Starting the 26th trajectory in folder 27...
2026-03-10 11:23 - ml4cascades.lammps.process - INFO - Starting the 27th trajectory in folder 28...
2026-03-10 11:23 - ml4cascades.lammps.process - INFO - Starting the 28th trajectory in folder 29...
2026-03-10 11:23 - ml4cascades.lammps.process - INFO - Starting the 29th trajectory in folder 30...
2026-03-10 11:23 - ml4cascades.lammps.process - INFO - #------------ Cluster analysis completed. ------------#

2026-03-10 11:24 - ml4cascades.lammps.process - INFO - #------------Cluster analysis, PKA_kin_eng: 1000 eV, cutoff: 8.1 Å------------#
2026-03-10 11:24 - ml4cascades.lammps.process - INFO - Starting the 1th trajectory in folder 1...
2026-03-10 11:24 - ml4cascades.lammps.process - INFO - Starting the 2th trajectory in folder 2...
2026-03-10 11:25 - ml4cascades.lammps.process - INFO - Starting the 3th trajectory in folder 3...
2026-03-10 11:25 - ml4cascades.lammps.process - INFO - Starting the 4th trajectory in folder 4...
2026-03-10 11:25 - ml4cascades.lammps.process - INFO - Starting the 5th trajectory in folder 5...
2026-03-10 11:25 - ml4cascades.lammps.process - INFO - Starting the 6th trajectory in folder 6...
2026-03-10 11:25 - ml4cascades.lammps.process - INFO - Starting the 7th trajectory in folder 7...
2026-03-10 11:25 - ml4cascades.lammps.process - INFO - Starting the 8th trajectory in folder 8...
2026-03-10 11:25 - ml4cascades.lammps.process - INFO - Starting the 9th trajectory in folder 9...
2026-03-10 11:25 - ml4cascades.lammps.process - INFO - Starting the 10th trajectory in folder 10...
2026-03-10 11:25 - ml4cascades.lammps.process - INFO - Starting the 11th trajectory in folder 11...
2026-03-10 11:25 - ml4cascades.lammps.process - INFO - Starting the 12th trajectory in folder 12...
2026-03-10 11:25 - ml4cascades.lammps.process - INFO - Starting the 13th trajectory in folder 13...
2026-03-10 11:25 - ml4cascades.lammps.process - INFO - Starting the 14th trajectory in folder 14...
2026-03-10 11:25 - ml4cascades.lammps.process - INFO - Starting the 15th trajectory in folder 15...
2026-03-10 11:25 - ml4cascades.lammps.process - INFO - Starting the 16th trajectory in folder 16...
2026-03-10 11:26 - ml4cascades.lammps.process - INFO - Starting the 17th trajectory in folder 17...
2026-03-10 11:26 - ml4cascades.lammps.process - INFO - Starting the 18th trajectory in folder 18...
2026-03-10 11:26 - ml4cascades.lammps.process - INFO - Starting the 19th trajectory in folder 19...
2026-03-10 11:26 - ml4cascades.lammps.process - INFO - Starting the 20th trajectory in folder 20...
2026-03-10 11:26 - ml4cascades.lammps.process - INFO - Starting the 21th trajectory in folder 21...
2026-03-10 11:26 - ml4cascades.lammps.process - INFO - Starting the 22th trajectory in folder 22...
2026-03-10 11:26 - ml4cascades.lammps.process - INFO - Starting the 23th trajectory in folder 23...
2026-03-10 11:26 - ml4cascades.lammps.process - INFO - Starting the 24th trajectory in folder 24...
2026-03-10 11:26 - ml4cascades.lammps.process - INFO - Starting the 25th trajectory in folder 25...
2026-03-10 11:26 - ml4cascades.lammps.process - INFO - Starting the 26th trajectory in folder 26...
2026-03-10 11:26 - ml4cascades.lammps.process - INFO - Starting the 27th trajectory in folder 27...
2026-03-10 11:26 - ml4cascades.lammps.process - INFO - Starting the 28th trajectory in folder 28...
2026-03-10 11:26 - ml4cascades.lammps.process - INFO - Starting the 29th trajectory in folder 29...
2026-03-10 11:27 - ml4cascades.lammps.process - INFO - Starting the 30th trajectory in folder 30...
2026-03-10 11:27 - ml4cascades.lammps.process - INFO - #------------ Cluster analysis completed. ------------#

2026-03-10 11:30 - ml4cascades.lammps.process - INFO - #------------Cluster analysis, PKA_kin_eng: 1000 eV, cutoff: 8.1 Å------------#
2026-03-10 11:30 - ml4cascades.lammps.process - INFO - Starting the 1th trajectory in folder 1...
2026-03-10 11:30 - ml4cascades.lammps.process - INFO - Starting the 2th trajectory in folder 2...
2026-03-10 11:30 - ml4cascades.lammps.process - INFO - Starting the 3th trajectory in folder 3...
2026-03-10 11:30 - ml4cascades.lammps.process - INFO - Starting the 4th trajectory in folder 4...
2026-03-10 11:30 - ml4cascades.lammps.process - INFO - Starting the 5th trajectory in folder 5...
2026-03-10 11:30 - ml4cascades.lammps.process - INFO - Starting the 6th trajectory in folder 6...
2026-03-10 11:30 - ml4cascades.lammps.process - INFO - Starting the 7th trajectory in folder 7...
2026-03-10 11:30 - ml4cascades.lammps.process - INFO - Starting the 8th trajectory in folder 8...
2026-03-10 11:31 - ml4cascades.lammps.process - INFO - Starting the 9th trajectory in folder 9...
2026-03-10 11:31 - ml4cascades.lammps.process - INFO - Starting the 10th trajectory in folder 10...
2026-03-10 11:31 - ml4cascades.lammps.process - INFO - Starting the 11th trajectory in folder 11...
2026-03-10 11:31 - ml4cascades.lammps.process - INFO - Starting the 12th trajectory in folder 12...
2026-03-10 11:31 - ml4cascades.lammps.process - INFO - Starting the 13th trajectory in folder 13...
2026-03-10 11:31 - ml4cascades.lammps.process - INFO - Starting the 14th trajectory in folder 14...
2026-03-10 11:31 - ml4cascades.lammps.process - INFO - Starting the 15th trajectory in folder 15...
2026-03-10 11:31 - ml4cascades.lammps.process - INFO - Starting the 16th trajectory in folder 16...
2026-03-10 11:31 - ml4cascades.lammps.process - INFO - Starting the 17th trajectory in folder 17...
2026-03-10 11:31 - ml4cascades.lammps.process - INFO - Starting the 18th trajectory in folder 18...
2026-03-10 11:31 - ml4cascades.lammps.process - INFO - Starting the 19th trajectory in folder 19...
2026-03-10 11:31 - ml4cascades.lammps.process - INFO - Starting the 20th trajectory in folder 20...
2026-03-10 11:31 - ml4cascades.lammps.process - INFO - Starting the 21th trajectory in folder 21...
2026-03-10 11:32 - ml4cascades.lammps.process - INFO - Starting the 22th trajectory in folder 22...
2026-03-10 11:32 - ml4cascades.lammps.process - INFO - Starting the 23th trajectory in folder 23...
2026-03-10 11:32 - ml4cascades.lammps.process - INFO - Starting the 24th trajectory in folder 24...
2026-03-10 11:32 - ml4cascades.lammps.process - INFO - Starting the 25th trajectory in folder 25...
2026-03-10 11:32 - ml4cascades.lammps.process - INFO - Starting the 26th trajectory in folder 26...
2026-03-10 11:32 - ml4cascades.lammps.process - INFO - Starting the 27th trajectory in folder 27...
2026-03-10 11:32 - ml4cascades.lammps.process - INFO - Starting the 28th trajectory in folder 28...
2026-03-10 11:32 - ml4cascades.lammps.process - INFO - Starting the 29th trajectory in folder 29...
2026-03-10 11:32 - ml4cascades.lammps.process - INFO - Starting the 30th trajectory in folder 30...
2026-03-10 11:32 - ml4cascades.lammps.process - INFO - #------------ Cluster analysis completed. ------------#

2026-03-10 11:33 - ml4cascades.lammps.process - INFO - #------------Cluster analysis, PKA_kin_eng: 1000 eV, cutoff: 8.1 Å------------#
2026-03-10 11:33 - ml4cascades.lammps.process - INFO - Skipping trajectory 7 as it is in the exclude list.
2026-03-10 11:33 - ml4cascades.lammps.process - INFO - Starting the 1th trajectory in folder 1...
2026-03-10 11:33 - ml4cascades.lammps.process - INFO - Starting the 2th trajectory in folder 2...
2026-03-10 11:33 - ml4cascades.lammps.process - INFO - Starting the 3th trajectory in folder 3...
2026-03-10 11:33 - ml4cascades.lammps.process - INFO - Starting the 4th trajectory in folder 4...
2026-03-10 11:33 - ml4cascades.lammps.process - INFO - Starting the 5th trajectory in folder 5...
2026-03-10 11:33 - ml4cascades.lammps.process - INFO - Starting the 6th trajectory in folder 6...
2026-03-10 11:33 - ml4cascades.lammps.process - INFO - Starting the 7th trajectory in folder 8...
2026-03-10 11:33 - ml4cascades.lammps.process - INFO - Starting the 8th trajectory in folder 9...
2026-03-10 11:34 - ml4cascades.lammps.process - INFO - Starting the 9th trajectory in folder 10...
2026-03-10 11:34 - ml4cascades.lammps.process - INFO - Starting the 10th trajectory in folder 11...
2026-03-10 11:34 - ml4cascades.lammps.process - INFO - Starting the 11th trajectory in folder 12...
2026-03-10 11:34 - ml4cascades.lammps.process - INFO - Starting the 12th trajectory in folder 13...
2026-03-10 11:34 - ml4cascades.lammps.process - INFO - Starting the 13th trajectory in folder 14...
2026-03-10 11:34 - ml4cascades.lammps.process - INFO - Starting the 14th trajectory in folder 15...
2026-03-10 11:34 - ml4cascades.lammps.process - INFO - Starting the 15th trajectory in folder 16...
2026-03-10 11:34 - ml4cascades.lammps.process - INFO - Starting the 16th trajectory in folder 17...
2026-03-10 11:34 - ml4cascades.lammps.process - INFO - Starting the 17th trajectory in folder 18...
2026-03-10 11:34 - ml4cascades.lammps.process - INFO - Starting the 18th trajectory in folder 19...
2026-03-10 11:34 - ml4cascades.lammps.process - INFO - Starting the 19th trajectory in folder 20...
2026-03-10 11:34 - ml4cascades.lammps.process - INFO - Starting the 20th trajectory in folder 21...
2026-03-10 11:34 - ml4cascades.lammps.process - INFO - Starting the 21th trajectory in folder 22...
2026-03-10 11:35 - ml4cascades.lammps.process - INFO - Starting the 22th trajectory in folder 23...
2026-03-10 11:35 - ml4cascades.lammps.process - INFO - Starting the 23th trajectory in folder 24...
2026-03-10 11:35 - ml4cascades.lammps.process - INFO - Starting the 24th trajectory in folder 25...
2026-03-10 11:35 - ml4cascades.lammps.process - INFO - Starting the 25th trajectory in folder 26...
2026-03-10 11:35 - ml4cascades.lammps.process - INFO - Starting the 26th trajectory in folder 27...
2026-03-10 11:35 - ml4cascades.lammps.process - INFO - Starting the 27th trajectory in folder 28...
2026-03-10 11:35 - ml4cascades.lammps.process - INFO - Starting the 28th trajectory in folder 29...
2026-03-10 11:35 - ml4cascades.lammps.process - INFO - Starting the 29th trajectory in folder 30...
2026-03-10 11:35 - ml4cascades.lammps.process - INFO - #------------ Cluster analysis completed. ------------#

2026-03-10 11:43 - ml4cascades.lammps.process - INFO - #------------R2 analysis, PKA_kin_eng: 1000 eV------------#
2026-03-10 11:43 - ml4cascades.lammps.process - INFO - Skipping trajectory 7 as it is in the exclude list.
2026-03-10 11:43 - ml4cascades.lammps.process - INFO - Starting the 1th trajectory in folder 1...
2026-03-10 11:43 - ml4cascades.lammps.process - INFO - Starting the 2th trajectory in folder 2...
2026-03-10 11:44 - ml4cascades.lammps.process - INFO - Starting the 3th trajectory in folder 3...
2026-03-10 11:44 - ml4cascades.lammps.process - INFO - Starting the 4th trajectory in folder 4...
2026-03-10 11:44 - ml4cascades.lammps.process - INFO - Starting the 5th trajectory in folder 5...
2026-03-10 11:45 - ml4cascades.lammps.process - INFO - Starting the 6th trajectory in folder 6...
2026-03-10 11:45 - ml4cascades.lammps.process - INFO - Starting the 7th trajectory in folder 8...
2026-03-10 11:46 - ml4cascades.lammps.process - INFO - Starting the 8th trajectory in folder 9...
2026-03-10 11:46 - ml4cascades.lammps.process - INFO - Starting the 9th trajectory in folder 10...
2026-03-10 11:47 - ml4cascades.lammps.process - INFO - Starting the 10th trajectory in folder 11...
2026-03-10 11:47 - ml4cascades.lammps.process - INFO - Starting the 11th trajectory in folder 12...
2026-03-10 11:48 - ml4cascades.lammps.process - INFO - Starting the 12th trajectory in folder 13...
2026-03-10 11:48 - ml4cascades.lammps.process - INFO - Starting the 13th trajectory in folder 14...
2026-03-10 11:49 - ml4cascades.lammps.process - INFO - Starting the 14th trajectory in folder 15...
2026-03-10 11:49 - ml4cascades.lammps.process - INFO - Starting the 15th trajectory in folder 16...
2026-03-10 11:50 - ml4cascades.lammps.process - INFO - Starting the 16th trajectory in folder 17...
2026-03-10 11:50 - ml4cascades.lammps.process - INFO - Starting the 17th trajectory in folder 18...
2026-03-10 11:51 - ml4cascades.lammps.process - INFO - Starting the 18th trajectory in folder 19...
2026-03-10 11:51 - ml4cascades.lammps.process - INFO - Starting the 19th trajectory in folder 20...
2026-03-10 11:52 - ml4cascades.lammps.process - INFO - Starting the 20th trajectory in folder 21...
2026-03-10 11:52 - ml4cascades.lammps.process - INFO - Starting the 21th trajectory in folder 22...
2026-03-10 11:53 - ml4cascades.lammps.process - INFO - Starting the 22th trajectory in folder 23...
2026-03-10 11:54 - ml4cascades.lammps.process - INFO - Starting the 23th trajectory in folder 24...
2026-03-10 11:54 - ml4cascades.lammps.process - INFO - Starting the 24th trajectory in folder 25...
2026-03-10 11:55 - ml4cascades.lammps.process - INFO - Starting the 25th trajectory in folder 26...
2026-03-10 11:55 - ml4cascades.lammps.process - INFO - Starting the 26th trajectory in folder 27...
2026-03-10 11:56 - ml4cascades.lammps.process - INFO - Starting the 27th trajectory in folder 28...
2026-03-10 11:56 - ml4cascades.lammps.process - INFO - Starting the 28th trajectory in folder 29...
2026-03-10 11:57 - ml4cascades.lammps.process - INFO - Starting the 29th trajectory in folder 30...
2026-03-10 11:57 - ml4cascades.lammps.process - INFO - #------------ R2 analysis completed. ------------#

2026-03-10 11:58 - ml4cascades.lammps.process - INFO - #------------R2 analysis, PKA_kin_eng: 1000 eV------------#
2026-03-10 11:58 - ml4cascades.lammps.process - INFO - Skipping trajectory 7 as it is in the exclude list.
2026-03-10 11:58 - ml4cascades.lammps.process - INFO - Starting the 1th trajectory in folder 1...
2026-03-10 11:59 - ml4cascades.lammps.process - INFO - Starting the 2th trajectory in folder 2...
2026-03-10 11:59 - ml4cascades.lammps.process - INFO - Starting the 3th trajectory in folder 3...
2026-03-10 12:00 - ml4cascades.lammps.process - INFO - Starting the 4th trajectory in folder 4...
2026-03-10 12:00 - ml4cascades.lammps.process - INFO - Starting the 5th trajectory in folder 5...
2026-03-10 12:01 - ml4cascades.lammps.process - INFO - Starting the 6th trajectory in folder 6...
2026-03-10 12:01 - ml4cascades.lammps.process - INFO - Starting the 7th trajectory in folder 8...
2026-03-10 12:02 - ml4cascades.lammps.process - INFO - Starting the 8th trajectory in folder 9...
2026-03-10 12:02 - ml4cascades.lammps.process - INFO - Starting the 9th trajectory in folder 10...
2026-03-10 12:03 - ml4cascades.lammps.process - INFO - Starting the 10th trajectory in folder 11...
2026-03-10 12:03 - ml4cascades.lammps.process - INFO - Starting the 11th trajectory in folder 12...
2026-03-10 12:04 - ml4cascades.lammps.process - INFO - Starting the 12th trajectory in folder 13...
2026-03-10 12:04 - ml4cascades.lammps.process - INFO - Starting the 13th trajectory in folder 14...
2026-03-10 12:05 - ml4cascades.lammps.process - INFO - Starting the 14th trajectory in folder 15...
2026-03-10 12:05 - ml4cascades.lammps.process - INFO - Starting the 15th trajectory in folder 16...
2026-03-10 12:06 - ml4cascades.lammps.process - INFO - Starting the 16th trajectory in folder 17...
2026-03-10 12:06 - ml4cascades.lammps.process - INFO - Starting the 17th trajectory in folder 18...
2026-03-10 12:07 - ml4cascades.lammps.process - INFO - Starting the 18th trajectory in folder 19...
2026-03-10 12:08 - ml4cascades.lammps.process - INFO - Starting the 19th trajectory in folder 20...
2026-03-10 12:08 - ml4cascades.lammps.process - INFO - Starting the 20th trajectory in folder 21...
2026-03-10 12:09 - ml4cascades.lammps.process - INFO - Starting the 21th trajectory in folder 22...
2026-03-10 12:09 - ml4cascades.lammps.process - INFO - Starting the 22th trajectory in folder 23...
2026-03-10 12:10 - ml4cascades.lammps.process - INFO - Starting the 23th trajectory in folder 24...
2026-03-10 12:10 - ml4cascades.lammps.process - INFO - Starting the 24th trajectory in folder 25...
2026-03-10 12:11 - ml4cascades.lammps.process - INFO - Starting the 25th trajectory in folder 26...
2026-03-10 12:11 - ml4cascades.lammps.process - INFO - Starting the 26th trajectory in folder 27...
2026-03-10 12:12 - ml4cascades.lammps.process - INFO - Starting the 27th trajectory in folder 28...
2026-03-10 12:13 - ml4cascades.lammps.process - INFO - Starting the 28th trajectory in folder 29...
2026-03-10 12:13 - ml4cascades.lammps.process - INFO - Starting the 29th trajectory in folder 30...
2026-03-10 12:14 - ml4cascades.lammps.process - INFO - #------------ R2 analysis completed. ------------#

2026-03-10 12:14 - ml4cascades.lammps.process - INFO - #------------R2 analysis, PKA_kin_eng: 1000 eV------------#
2026-03-10 12:14 - ml4cascades.lammps.process - INFO - Starting the 1th trajectory in folder 1...
2026-03-10 12:15 - ml4cascades.lammps.process - INFO - Starting the 2th trajectory in folder 2...
2026-03-10 12:16 - ml4cascades.lammps.process - INFO - Starting the 3th trajectory in folder 3...
2026-03-10 12:17 - ml4cascades.lammps.process - INFO - Starting the 4th trajectory in folder 4...
2026-03-10 12:17 - ml4cascades.lammps.process - INFO - Starting the 5th trajectory in folder 5...
2026-03-10 12:18 - ml4cascades.lammps.process - INFO - Starting the 6th trajectory in folder 6...
2026-03-10 12:18 - ml4cascades.lammps.process - INFO - Starting the 7th trajectory in folder 7...
2026-03-10 12:19 - ml4cascades.lammps.process - INFO - Starting the 8th trajectory in folder 8...
2026-03-10 12:19 - ml4cascades.lammps.process - INFO - Starting the 9th trajectory in folder 9...
2026-03-10 12:20 - ml4cascades.lammps.process - INFO - Starting the 10th trajectory in folder 10...
2026-03-10 12:20 - ml4cascades.lammps.process - INFO - Starting the 11th trajectory in folder 11...
2026-03-10 12:21 - ml4cascades.lammps.process - INFO - Starting the 12th trajectory in folder 12...
2026-03-10 12:21 - ml4cascades.lammps.process - INFO - Starting the 13th trajectory in folder 13...
2026-03-10 12:22 - ml4cascades.lammps.process - INFO - Starting the 14th trajectory in folder 14...
2026-03-10 12:22 - ml4cascades.lammps.process - INFO - Starting the 15th trajectory in folder 15...
2026-03-10 12:23 - ml4cascades.lammps.process - INFO - Starting the 16th trajectory in folder 16...
2026-03-10 12:23 - ml4cascades.lammps.process - INFO - Starting the 17th trajectory in folder 17...
2026-03-10 12:24 - ml4cascades.lammps.process - INFO - Starting the 18th trajectory in folder 18...
2026-03-10 12:24 - ml4cascades.lammps.process - INFO - Starting the 19th trajectory in folder 19...
2026-03-10 12:25 - ml4cascades.lammps.process - INFO - Starting the 20th trajectory in folder 20...
2026-03-10 12:25 - ml4cascades.lammps.process - INFO - Starting the 21th trajectory in folder 21...
2026-03-10 12:26 - ml4cascades.lammps.process - INFO - Starting the 22th trajectory in folder 22...
2026-03-10 12:26 - ml4cascades.lammps.process - INFO - Starting the 23th trajectory in folder 23...
2026-03-10 12:27 - ml4cascades.lammps.process - INFO - Starting the 24th trajectory in folder 24...
2026-03-10 12:27 - ml4cascades.lammps.process - INFO - Starting the 25th trajectory in folder 25...
2026-03-10 12:28 - ml4cascades.lammps.process - INFO - Starting the 26th trajectory in folder 26...
2026-03-10 12:28 - ml4cascades.lammps.process - INFO - Starting the 27th trajectory in folder 27...
2026-03-10 12:29 - ml4cascades.lammps.process - INFO - Starting the 28th trajectory in folder 28...
2026-03-10 12:29 - ml4cascades.lammps.process - INFO - Starting the 29th trajectory in folder 29...
2026-03-10 12:30 - ml4cascades.lammps.process - INFO - Starting the 30th trajectory in folder 30...
2026-03-10 12:30 - ml4cascades.lammps.process - INFO - #------------ R2 analysis completed. ------------#

2026-03-10 12:47 - ml4cascades.lammps.process - INFO - #------------R2 analysis, PKA_kin_eng: 1000 eV------------#
2026-03-10 12:47 - ml4cascades.lammps.process - INFO - Starting the 1th trajectory in folder 1...
2026-03-10 12:48 - ml4cascades.lammps.process - INFO - Starting the 2th trajectory in folder 2...
2026-03-10 12:48 - ml4cascades.lammps.process - INFO - Starting the 3th trajectory in folder 3...
2026-03-10 12:49 - ml4cascades.lammps.process - INFO - Starting the 4th trajectory in folder 4...
2026-03-10 12:49 - ml4cascades.lammps.process - INFO - Starting the 5th trajectory in folder 5...
2026-03-10 12:50 - ml4cascades.lammps.process - INFO - Starting the 6th trajectory in folder 6...
2026-03-10 12:50 - ml4cascades.lammps.process - INFO - Starting the 7th trajectory in folder 7...
2026-03-10 12:50 - ml4cascades.lammps.process - INFO - Starting the 8th trajectory in folder 8...
2026-03-10 12:51 - ml4cascades.lammps.process - INFO - Starting the 9th trajectory in folder 9...
2026-03-10 12:51 - ml4cascades.lammps.process - INFO - Starting the 10th trajectory in folder 10...
2026-03-10 12:52 - ml4cascades.lammps.process - INFO - Starting the 11th trajectory in folder 11...
2026-03-10 12:52 - ml4cascades.lammps.process - INFO - Starting the 12th trajectory in folder 12...
2026-03-10 12:53 - ml4cascades.lammps.process - INFO - Starting the 13th trajectory in folder 13...
2026-03-10 12:53 - ml4cascades.lammps.process - INFO - Starting the 14th trajectory in folder 14...
2026-03-10 12:54 - ml4cascades.lammps.process - INFO - Starting the 15th trajectory in folder 15...
2026-03-10 12:54 - ml4cascades.lammps.process - INFO - Starting the 16th trajectory in folder 16...
2026-03-10 12:55 - ml4cascades.lammps.process - INFO - Starting the 17th trajectory in folder 17...
2026-03-10 12:55 - ml4cascades.lammps.process - INFO - Starting the 18th trajectory in folder 18...
2026-03-10 12:56 - ml4cascades.lammps.process - INFO - Starting the 19th trajectory in folder 19...
2026-03-10 12:56 - ml4cascades.lammps.process - INFO - Starting the 20th trajectory in folder 20...
2026-03-10 12:57 - ml4cascades.lammps.process - INFO - Starting the 21th trajectory in folder 21...
2026-03-10 12:57 - ml4cascades.lammps.process - INFO - Starting the 22th trajectory in folder 22...
2026-03-10 12:58 - ml4cascades.lammps.process - INFO - Starting the 23th trajectory in folder 23...
2026-03-10 12:58 - ml4cascades.lammps.process - INFO - Starting the 24th trajectory in folder 24...
2026-03-10 12:59 - ml4cascades.lammps.process - INFO - Starting the 25th trajectory in folder 25...
2026-03-10 12:59 - ml4cascades.lammps.process - INFO - Starting the 26th trajectory in folder 26...
2026-03-10 12:59 - ml4cascades.lammps.process - INFO - Starting the 27th trajectory in folder 27...
2026-03-10 13:00 - ml4cascades.lammps.process - INFO - Starting the 28th trajectory in folder 28...
2026-03-10 13:00 - ml4cascades.lammps.process - INFO - Starting the 29th trajectory in folder 29...
2026-03-10 13:01 - ml4cascades.lammps.process - INFO - Starting the 30th trajectory in folder 30...
2026-03-10 13:01 - ml4cascades.lammps.process - INFO - #------------ R2 analysis completed. ------------#

2026-03-10 16:21 - ml4cascades.lammps.process - INFO - #------------Cluster analysis, PKA_kin_eng: 2000 eV, cutoff: 8.1 Å------------#
2026-03-10 16:21 - ml4cascades.lammps.process - INFO - Skipping trajectory 5 as it is in the exclude list.
2026-03-10 16:21 - ml4cascades.lammps.process - INFO - Skipping trajectory 6 as it is in the exclude list.
2026-03-10 16:21 - ml4cascades.lammps.process - INFO - Skipping trajectory 13 as it is in the exclude list.
2026-03-10 16:21 - ml4cascades.lammps.process - INFO - Skipping trajectory 22 as it is in the exclude list.
2026-03-10 16:21 - ml4cascades.lammps.process - INFO - Skipping trajectory 24 as it is in the exclude list.
2026-03-10 16:21 - ml4cascades.lammps.process - INFO - Skipping trajectory 26 as it is in the exclude list.
2026-03-10 16:21 - ml4cascades.lammps.process - INFO - Skipping trajectory 28 as it is in the exclude list.
2026-03-10 16:21 - ml4cascades.lammps.process - INFO - Starting the 1th trajectory in folder 1...
2026-03-10 16:21 - ml4cascades.lammps.process - INFO - Starting the 2th trajectory in folder 2...
2026-03-10 16:21 - ml4cascades.lammps.process - INFO - Starting the 3th trajectory in folder 3...
2026-03-10 16:21 - ml4cascades.lammps.process - INFO - Starting the 4th trajectory in folder 4...
2026-03-10 16:21 - ml4cascades.lammps.process - INFO - Starting the 5th trajectory in folder 7...
2026-03-10 16:21 - ml4cascades.lammps.process - INFO - Starting the 6th trajectory in folder 8...
2026-03-10 16:21 - ml4cascades.lammps.process - INFO - Starting the 7th trajectory in folder 9...
2026-03-10 16:21 - ml4cascades.lammps.process - INFO - Starting the 8th trajectory in folder 10...
2026-03-10 16:21 - ml4cascades.lammps.process - INFO - Starting the 9th trajectory in folder 11...
2026-03-10 16:21 - ml4cascades.lammps.process - INFO - Starting the 10th trajectory in folder 12...
2026-03-10 16:21 - ml4cascades.lammps.process - INFO - Starting the 11th trajectory in folder 14...
2026-03-10 16:21 - ml4cascades.lammps.process - INFO - Starting the 12th trajectory in folder 15...
2026-03-10 16:21 - ml4cascades.lammps.process - INFO - Starting the 13th trajectory in folder 16...
2026-03-10 16:21 - ml4cascades.lammps.process - INFO - Starting the 14th trajectory in folder 17...
2026-03-10 16:21 - ml4cascades.lammps.process - INFO - Starting the 15th trajectory in folder 18...
2026-03-10 16:21 - ml4cascades.lammps.process - INFO - Starting the 16th trajectory in folder 19...
2026-03-10 16:21 - ml4cascades.lammps.process - INFO - Starting the 17th trajectory in folder 20...
2026-03-10 16:21 - ml4cascades.lammps.process - INFO - Starting the 18th trajectory in folder 21...
2026-03-10 16:22 - ml4cascades.lammps.process - INFO - Starting the 19th trajectory in folder 23...
2026-03-10 16:22 - ml4cascades.lammps.process - INFO - Starting the 20th trajectory in folder 25...
2026-03-10 16:22 - ml4cascades.lammps.process - INFO - Starting the 21th trajectory in folder 27...
2026-03-10 16:22 - ml4cascades.lammps.process - INFO - Starting the 22th trajectory in folder 29...
2026-03-10 16:22 - ml4cascades.lammps.process - INFO - Starting the 23th trajectory in folder 30...
2026-03-10 16:22 - ml4cascades.lammps.process - INFO - Starting the 24th trajectory in folder 31...
2026-03-10 16:22 - ml4cascades.lammps.process - INFO - Starting the 25th trajectory in folder 32...
2026-03-10 16:22 - ml4cascades.lammps.process - INFO - Starting the 26th trajectory in folder 33...
2026-03-10 16:22 - ml4cascades.lammps.process - INFO - Starting the 27th trajectory in folder 34...
2026-03-10 16:22 - ml4cascades.lammps.process - INFO - Starting the 28th trajectory in folder 35...
2026-03-10 16:23 - ml4cascades.lammps.process - INFO - #------------ Cluster analysis completed. ------------#

2026-03-10 16:24 - ml4cascades.lammps.process - INFO - #------------Cluster analysis, PKA_kin_eng: 2000 eV, cutoff: 8.1 Å------------#
2026-03-10 16:24 - ml4cascades.lammps.process - INFO - Skipping trajectory 3 as it is in the exclude list.
2026-03-10 16:24 - ml4cascades.lammps.process - INFO - Skipping trajectory 5 as it is in the exclude list.
2026-03-10 16:24 - ml4cascades.lammps.process - INFO - Skipping trajectory 6 as it is in the exclude list.
2026-03-10 16:24 - ml4cascades.lammps.process - INFO - Skipping trajectory 22 as it is in the exclude list.
2026-03-10 16:24 - ml4cascades.lammps.process - INFO - Skipping trajectory 26 as it is in the exclude list.
2026-03-10 16:24 - ml4cascades.lammps.process - INFO - Skipping trajectory 28 as it is in the exclude list.
2026-03-10 16:24 - ml4cascades.lammps.process - INFO - Skipping trajectory 32 as it is in the exclude list.
2026-03-10 16:24 - ml4cascades.lammps.process - INFO - Starting the 1th trajectory in folder 1...
2026-03-10 16:24 - ml4cascades.lammps.process - INFO - Starting the 2th trajectory in folder 2...
2026-03-10 16:24 - ml4cascades.lammps.process - INFO - Starting the 3th trajectory in folder 4...
2026-03-10 16:24 - ml4cascades.lammps.process - INFO - Starting the 4th trajectory in folder 7...
2026-03-10 16:25 - ml4cascades.lammps.process - INFO - Starting the 5th trajectory in folder 8...
2026-03-10 16:25 - ml4cascades.lammps.process - INFO - Starting the 6th trajectory in folder 9...
2026-03-10 16:25 - ml4cascades.lammps.process - INFO - Starting the 7th trajectory in folder 10...
2026-03-10 16:25 - ml4cascades.lammps.process - INFO - Starting the 8th trajectory in folder 11...
2026-03-10 16:25 - ml4cascades.lammps.process - INFO - Starting the 9th trajectory in folder 12...
2026-03-10 16:25 - ml4cascades.lammps.process - INFO - Starting the 10th trajectory in folder 13...
2026-03-10 16:25 - ml4cascades.lammps.process - INFO - Starting the 11th trajectory in folder 14...
2026-03-10 16:25 - ml4cascades.lammps.process - INFO - Starting the 12th trajectory in folder 15...
2026-03-10 16:25 - ml4cascades.lammps.process - INFO - Starting the 13th trajectory in folder 16...
2026-03-10 16:25 - ml4cascades.lammps.process - INFO - Starting the 14th trajectory in folder 17...
2026-03-10 16:25 - ml4cascades.lammps.process - INFO - Starting the 15th trajectory in folder 18...
2026-03-10 16:26 - ml4cascades.lammps.process - INFO - Starting the 16th trajectory in folder 19...
2026-03-10 16:26 - ml4cascades.lammps.process - INFO - Starting the 17th trajectory in folder 20...
2026-03-10 16:26 - ml4cascades.lammps.process - INFO - Starting the 18th trajectory in folder 21...
2026-03-10 16:26 - ml4cascades.lammps.process - INFO - Starting the 19th trajectory in folder 23...
2026-03-10 16:26 - ml4cascades.lammps.process - INFO - Starting the 20th trajectory in folder 24...
2026-03-10 16:26 - ml4cascades.lammps.process - INFO - Starting the 21th trajectory in folder 25...
2026-03-10 16:26 - ml4cascades.lammps.process - INFO - Starting the 22th trajectory in folder 27...
2026-03-10 16:26 - ml4cascades.lammps.process - INFO - Starting the 23th trajectory in folder 29...
2026-03-10 16:26 - ml4cascades.lammps.process - INFO - Starting the 24th trajectory in folder 30...
2026-03-10 16:26 - ml4cascades.lammps.process - INFO - Starting the 25th trajectory in folder 31...
2026-03-10 16:27 - ml4cascades.lammps.process - INFO - Starting the 26th trajectory in folder 33...
2026-03-10 16:27 - ml4cascades.lammps.process - INFO - Starting the 27th trajectory in folder 34...
2026-03-10 16:27 - ml4cascades.lammps.process - INFO - Starting the 28th trajectory in folder 35...
2026-03-10 16:27 - ml4cascades.lammps.process - INFO - #------------ Cluster analysis completed. ------------#

2026-03-10 16:29 - ml4cascades.lammps.process - INFO - #------------Cluster analysis, PKA_kin_eng: 2000 eV, cutoff: 8.1 Å------------#
2026-03-10 16:29 - ml4cascades.lammps.process - INFO - Skipping trajectory 6 as it is in the exclude list.
2026-03-10 16:29 - ml4cascades.lammps.process - INFO - Skipping trajectory 12 as it is in the exclude list.
2026-03-10 16:29 - ml4cascades.lammps.process - INFO - Skipping trajectory 26 as it is in the exclude list.
2026-03-10 16:29 - ml4cascades.lammps.process - INFO - Skipping trajectory 28 as it is in the exclude list.
2026-03-10 16:29 - ml4cascades.lammps.process - INFO - Starting the 1th trajectory in folder 1...
2026-03-10 16:29 - ml4cascades.lammps.process - INFO - Starting the 2th trajectory in folder 2...
2026-03-10 16:29 - ml4cascades.lammps.process - INFO - Starting the 3th trajectory in folder 3...
2026-03-10 16:29 - ml4cascades.lammps.process - INFO - Starting the 4th trajectory in folder 4...
2026-03-10 16:29 - ml4cascades.lammps.process - INFO - Starting the 5th trajectory in folder 5...
2026-03-10 16:29 - ml4cascades.lammps.process - INFO - Starting the 6th trajectory in folder 7...
2026-03-10 16:30 - ml4cascades.lammps.process - INFO - Starting the 7th trajectory in folder 8...
2026-03-10 16:30 - ml4cascades.lammps.process - INFO - Starting the 8th trajectory in folder 9...
2026-03-10 16:30 - ml4cascades.lammps.process - INFO - Starting the 9th trajectory in folder 10...
2026-03-10 16:30 - ml4cascades.lammps.process - INFO - Starting the 10th trajectory in folder 11...
2026-03-10 16:30 - ml4cascades.lammps.process - INFO - Starting the 11th trajectory in folder 13...
2026-03-10 16:30 - ml4cascades.lammps.process - INFO - Starting the 12th trajectory in folder 14...
2026-03-10 16:30 - ml4cascades.lammps.process - INFO - Starting the 13th trajectory in folder 15...
2026-03-10 16:30 - ml4cascades.lammps.process - INFO - Starting the 14th trajectory in folder 16...
2026-03-10 16:30 - ml4cascades.lammps.process - INFO - Starting the 15th trajectory in folder 17...
2026-03-10 16:30 - ml4cascades.lammps.process - INFO - Starting the 16th trajectory in folder 18...
2026-03-10 16:30 - ml4cascades.lammps.process - INFO - Starting the 17th trajectory in folder 19...
2026-03-10 16:31 - ml4cascades.lammps.process - INFO - Starting the 18th trajectory in folder 20...
2026-03-10 16:31 - ml4cascades.lammps.process - INFO - Starting the 19th trajectory in folder 21...
2026-03-10 16:31 - ml4cascades.lammps.process - INFO - Starting the 20th trajectory in folder 22...
2026-03-10 16:31 - ml4cascades.lammps.process - INFO - Starting the 21th trajectory in folder 23...
2026-03-10 16:31 - ml4cascades.lammps.process - INFO - Starting the 22th trajectory in folder 24...
2026-03-10 16:31 - ml4cascades.lammps.process - INFO - Starting the 23th trajectory in folder 25...
2026-03-10 16:31 - ml4cascades.lammps.process - INFO - Starting the 24th trajectory in folder 27...
2026-03-10 16:31 - ml4cascades.lammps.process - INFO - Starting the 25th trajectory in folder 29...
2026-03-10 16:31 - ml4cascades.lammps.process - INFO - Starting the 26th trajectory in folder 30...
2026-03-10 16:31 - ml4cascades.lammps.process - INFO - Starting the 27th trajectory in folder 31...
2026-03-10 16:31 - ml4cascades.lammps.process - INFO - Starting the 28th trajectory in folder 32...
2026-03-10 16:32 - ml4cascades.lammps.process - INFO - Starting the 29th trajectory in folder 33...
2026-03-10 16:32 - ml4cascades.lammps.process - INFO - Starting the 30th trajectory in folder 34...
2026-03-10 16:32 - ml4cascades.lammps.process - INFO - Starting the 31th trajectory in folder 35...
2026-03-10 16:32 - ml4cascades.lammps.process - INFO - #------------ Cluster analysis completed. ------------#

2026-03-10 16:34 - ml4cascades.lammps.process - INFO - #------------Cluster analysis, PKA_kin_eng: 2000 eV, cutoff: 8.1 Å------------#
2026-03-10 16:34 - ml4cascades.lammps.process - INFO - Skipping trajectory 6 as it is in the exclude list.
2026-03-10 16:34 - ml4cascades.lammps.process - INFO - Skipping trajectory 12 as it is in the exclude list.
2026-03-10 16:34 - ml4cascades.lammps.process - INFO - Skipping trajectory 14 as it is in the exclude list.
2026-03-10 16:34 - ml4cascades.lammps.process - INFO - Skipping trajectory 22 as it is in the exclude list.
2026-03-10 16:34 - ml4cascades.lammps.process - INFO - Skipping trajectory 24 as it is in the exclude list.
2026-03-10 16:34 - ml4cascades.lammps.process - INFO - Skipping trajectory 28 as it is in the exclude list.
2026-03-10 16:34 - ml4cascades.lammps.process - INFO - Skipping trajectory 32 as it is in the exclude list.
2026-03-10 16:34 - ml4cascades.lammps.process - INFO - Starting the 1th trajectory in folder 1...
2026-03-10 16:34 - ml4cascades.lammps.process - INFO - Starting the 2th trajectory in folder 2...
2026-03-10 16:34 - ml4cascades.lammps.process - INFO - Starting the 3th trajectory in folder 3...
2026-03-10 16:34 - ml4cascades.lammps.process - INFO - Starting the 4th trajectory in folder 4...
2026-03-10 16:34 - ml4cascades.lammps.process - INFO - Starting the 5th trajectory in folder 5...
2026-03-10 16:34 - ml4cascades.lammps.process - INFO - Starting the 6th trajectory in folder 7...
2026-03-10 16:34 - ml4cascades.lammps.process - INFO - Starting the 7th trajectory in folder 8...
2026-03-10 16:34 - ml4cascades.lammps.process - INFO - Starting the 8th trajectory in folder 9...
2026-03-10 16:34 - ml4cascades.lammps.process - INFO - Starting the 9th trajectory in folder 10...
2026-03-10 16:34 - ml4cascades.lammps.process - INFO - Starting the 10th trajectory in folder 11...
2026-03-10 16:35 - ml4cascades.lammps.process - INFO - Starting the 11th trajectory in folder 13...
2026-03-10 16:35 - ml4cascades.lammps.process - INFO - Starting the 12th trajectory in folder 15...
2026-03-10 16:35 - ml4cascades.lammps.process - INFO - Starting the 13th trajectory in folder 16...
2026-03-10 16:35 - ml4cascades.lammps.process - INFO - Starting the 14th trajectory in folder 17...
2026-03-10 16:35 - ml4cascades.lammps.process - INFO - Starting the 15th trajectory in folder 18...
2026-03-10 16:35 - ml4cascades.lammps.process - INFO - Starting the 16th trajectory in folder 19...
2026-03-10 16:35 - ml4cascades.lammps.process - INFO - Starting the 17th trajectory in folder 20...
2026-03-10 16:35 - ml4cascades.lammps.process - INFO - Starting the 18th trajectory in folder 21...
2026-03-10 16:35 - ml4cascades.lammps.process - INFO - Starting the 19th trajectory in folder 23...
2026-03-10 16:35 - ml4cascades.lammps.process - INFO - Starting the 20th trajectory in folder 25...
2026-03-10 16:35 - ml4cascades.lammps.process - INFO - Starting the 21th trajectory in folder 26...
2026-03-10 16:35 - ml4cascades.lammps.process - INFO - Starting the 22th trajectory in folder 27...
2026-03-10 16:35 - ml4cascades.lammps.process - INFO - Starting the 23th trajectory in folder 29...
2026-03-10 16:35 - ml4cascades.lammps.process - INFO - Starting the 24th trajectory in folder 30...
2026-03-10 16:36 - ml4cascades.lammps.process - INFO - Starting the 25th trajectory in folder 31...
2026-03-10 16:36 - ml4cascades.lammps.process - INFO - Starting the 26th trajectory in folder 33...
2026-03-10 16:36 - ml4cascades.lammps.process - INFO - Starting the 27th trajectory in folder 34...
2026-03-10 16:36 - ml4cascades.lammps.process - INFO - Starting the 28th trajectory in folder 35...
2026-03-10 16:36 - ml4cascades.lammps.process - INFO - #------------ Cluster analysis completed. ------------#

2026-03-10 16:38 - ml4cascades.lammps.process - INFO - #------------Cluster analysis, PKA_kin_eng: 2000 eV, cutoff: 8.1 Å------------#
2026-03-10 16:38 - ml4cascades.lammps.process - INFO - Skipping trajectory 3 as it is in the exclude list.
2026-03-10 16:38 - ml4cascades.lammps.process - INFO - Skipping trajectory 6 as it is in the exclude list.
2026-03-10 16:38 - ml4cascades.lammps.process - INFO - Skipping trajectory 24 as it is in the exclude list.
2026-03-10 16:38 - ml4cascades.lammps.process - INFO - Skipping trajectory 26 as it is in the exclude list.
2026-03-10 16:38 - ml4cascades.lammps.process - INFO - Skipping trajectory 28 as it is in the exclude list.
2026-03-10 16:38 - ml4cascades.lammps.process - INFO - Skipping trajectory 30 as it is in the exclude list.
2026-03-10 16:38 - ml4cascades.lammps.process - INFO - Starting the 1th trajectory in folder 1...
2026-03-10 16:38 - ml4cascades.lammps.process - INFO - Starting the 2th trajectory in folder 2...
2026-03-10 16:38 - ml4cascades.lammps.process - INFO - Starting the 3th trajectory in folder 4...
2026-03-10 16:38 - ml4cascades.lammps.process - INFO - Starting the 4th trajectory in folder 5...
2026-03-10 16:38 - ml4cascades.lammps.process - INFO - Starting the 5th trajectory in folder 7...
2026-03-10 16:38 - ml4cascades.lammps.process - INFO - Starting the 6th trajectory in folder 8...
2026-03-10 16:38 - ml4cascades.lammps.process - INFO - Starting the 7th trajectory in folder 9...
2026-03-10 16:38 - ml4cascades.lammps.process - INFO - Starting the 8th trajectory in folder 10...
2026-03-10 16:38 - ml4cascades.lammps.process - INFO - Starting the 9th trajectory in folder 11...
2026-03-10 16:38 - ml4cascades.lammps.process - INFO - Starting the 10th trajectory in folder 12...
2026-03-10 16:38 - ml4cascades.lammps.process - INFO - Starting the 11th trajectory in folder 13...
2026-03-10 16:38 - ml4cascades.lammps.process - INFO - Starting the 12th trajectory in folder 14...
2026-03-10 16:38 - ml4cascades.lammps.process - INFO - Starting the 13th trajectory in folder 15...
2026-03-10 16:38 - ml4cascades.lammps.process - INFO - Starting the 14th trajectory in folder 16...
2026-03-10 16:38 - ml4cascades.lammps.process - INFO - Starting the 15th trajectory in folder 17...
2026-03-10 16:38 - ml4cascades.lammps.process - INFO - Starting the 16th trajectory in folder 18...
2026-03-10 16:38 - ml4cascades.lammps.process - INFO - Starting the 17th trajectory in folder 19...
2026-03-10 16:38 - ml4cascades.lammps.process - INFO - Starting the 18th trajectory in folder 20...
2026-03-10 16:39 - ml4cascades.lammps.process - INFO - Starting the 19th trajectory in folder 21...
2026-03-10 16:39 - ml4cascades.lammps.process - INFO - Starting the 20th trajectory in folder 22...
2026-03-10 16:39 - ml4cascades.lammps.process - INFO - Starting the 21th trajectory in folder 23...
2026-03-10 16:39 - ml4cascades.lammps.process - INFO - Starting the 22th trajectory in folder 25...
2026-03-10 16:39 - ml4cascades.lammps.process - INFO - Starting the 23th trajectory in folder 27...
2026-03-10 16:39 - ml4cascades.lammps.process - INFO - Starting the 24th trajectory in folder 29...
2026-03-10 16:39 - ml4cascades.lammps.process - INFO - Starting the 25th trajectory in folder 31...
2026-03-10 16:39 - ml4cascades.lammps.process - INFO - Starting the 26th trajectory in folder 32...
2026-03-10 16:39 - ml4cascades.lammps.process - INFO - Starting the 27th trajectory in folder 33...
2026-03-10 16:39 - ml4cascades.lammps.process - INFO - Starting the 28th trajectory in folder 34...
2026-03-10 16:39 - ml4cascades.lammps.process - INFO - Starting the 29th trajectory in folder 35...
2026-03-10 16:39 - ml4cascades.lammps.process - INFO - #------------ Cluster analysis completed. ------------#

2026-03-10 22:04 - ml4cascades.lammps.process - INFO - #------------Defect analysis, PKA_kin_eng: 2000 eV------------#
2026-03-10 22:04 - ml4cascades.lammps.process - INFO - Skipping trajectory 5 as it is in the exclude list.
2026-03-10 22:04 - ml4cascades.lammps.process - INFO - Skipping trajectory 6 as it is in the exclude list.
2026-03-10 22:04 - ml4cascades.lammps.process - INFO - Skipping trajectory 13 as it is in the exclude list.
2026-03-10 22:04 - ml4cascades.lammps.process - INFO - Skipping trajectory 22 as it is in the exclude list.
2026-03-10 22:04 - ml4cascades.lammps.process - INFO - Skipping trajectory 24 as it is in the exclude list.
2026-03-10 22:04 - ml4cascades.lammps.process - INFO - Skipping trajectory 26 as it is in the exclude list.
2026-03-10 22:04 - ml4cascades.lammps.process - INFO - Skipping trajectory 28 as it is in the exclude list.
2026-03-10 22:04 - ml4cascades.lammps.process - INFO - Starting the 1th trajectory in folder 1...
2026-03-10 22:05 - ml4cascades.lammps.process - INFO - Starting the 2th trajectory in folder 2...
2026-03-10 22:06 - ml4cascades.lammps.process - INFO - Starting the 3th trajectory in folder 3...
2026-03-10 22:07 - ml4cascades.lammps.process - INFO - Starting the 4th trajectory in folder 4...


2026-03-10 22:55 - ml4cascades.lammps.process - INFO - #------------Defect analysis, PKA_kin_eng: 2000 eV------------#
2026-03-10 22:55 - ml4cascades.lammps.process - INFO - Skipping trajectory 5 as it is in the exclude list.
2026-03-10 22:55 - ml4cascades.lammps.process - INFO - Skipping trajectory 6 as it is in the exclude list.
2026-03-10 22:55 - ml4cascades.lammps.process - INFO - Skipping trajectory 13 as it is in the exclude list.
2026-03-10 22:55 - ml4cascades.lammps.process - INFO - Skipping trajectory 22 as it is in the exclude list.
2026-03-10 22:55 - ml4cascades.lammps.process - INFO - Skipping trajectory 24 as it is in the exclude list.
2026-03-10 22:55 - ml4cascades.lammps.process - INFO - Skipping trajectory 26 as it is in the exclude list.
2026-03-10 22:55 - ml4cascades.lammps.process - INFO - Skipping trajectory 28 as it is in the exclude list.
2026-03-10 22:55 - ml4cascades.lammps.process - INFO - Starting the 1th trajectory in folder 1...
2026-03-10 22:56 - ml4cascades.lammps.process - INFO - Starting the 2th trajectory in folder 2...
2026-03-10 22:57 - ml4cascades.lammps.process - INFO - Starting the 3th trajectory in folder 3...
2026-03-10 22:58 - ml4cascades.lammps.process - INFO - Starting the 4th trajectory in folder 4...
2026-03-10 22:59 - ml4cascades.lammps.process - INFO - Starting the 5th trajectory in folder 7...
2026-03-10 23:00 - ml4cascades.lammps.process - INFO - Starting the 6th trajectory in folder 8...
2026-03-10 23:02 - ml4cascades.lammps.process - INFO - Starting the 7th trajectory in folder 9...
2026-03-10 23:03 - ml4cascades.lammps.process - INFO - Starting the 8th trajectory in folder 10...
2026-03-10 23:04 - ml4cascades.lammps.process - INFO - Starting the 9th trajectory in folder 11...
2026-03-10 23:05 - ml4cascades.lammps.process - INFO - Starting the 10th trajectory in folder 12...
2026-03-10 23:06 - ml4cascades.lammps.process - INFO - Starting the 11th trajectory in folder 14...
2026-03-10 23:07 - ml4cascades.lammps.process - INFO - Starting the 12th trajectory in folder 15...
2026-03-10 23:08 - ml4cascades.lammps.process - INFO - Starting the 13th trajectory in folder 16...
2026-03-10 23:09 - ml4cascades.lammps.process - INFO - Starting the 14th trajectory in folder 17...
2026-03-10 23:10 - ml4cascades.lammps.process - INFO - Starting the 15th trajectory in folder 18...
2026-03-10 23:11 - ml4cascades.lammps.process - INFO - Starting the 16th trajectory in folder 19...
2026-03-10 23:13 - ml4cascades.lammps.process - INFO - Starting the 17th trajectory in folder 20...
2026-03-10 23:14 - ml4cascades.lammps.process - INFO - Starting the 18th trajectory in folder 21...
2026-03-10 23:15 - ml4cascades.lammps.process - INFO - Starting the 19th trajectory in folder 23...
2026-03-10 23:16 - ml4cascades.lammps.process - INFO - Starting the 20th trajectory in folder 25...
2026-03-10 23:17 - ml4cascades.lammps.process - INFO - Starting the 21th trajectory in folder 27...
2026-03-10 23:18 - ml4cascades.lammps.process - INFO - Starting the 22th trajectory in folder 29...
2026-03-10 23:19 - ml4cascades.lammps.process - INFO - Starting the 23th trajectory in folder 30...
2026-03-10 23:20 - ml4cascades.lammps.process - INFO - Starting the 24th trajectory in folder 31...
2026-03-10 23:21 - ml4cascades.lammps.process - INFO - Starting the 25th trajectory in folder 32...
2026-03-10 23:23 - ml4cascades.lammps.process - INFO - Starting the 26th trajectory in folder 33...
2026-03-10 23:24 - ml4cascades.lammps.process - INFO - Starting the 27th trajectory in folder 34...
2026-03-10 23:25 - ml4cascades.lammps.process - INFO - Starting the 28th trajectory in folder 35...
2026-03-10 23:26 - ml4cascades.lammps.process - INFO - #------------ Defect analysis completed. ------------#

2026-03-10 23:34 - ml4cascades.lammps.process - INFO - #------------Defect analysis, PKA_kin_eng: 2000 eV------------#
2026-03-10 23:34 - ml4cascades.lammps.process - INFO - Skipping trajectory 3 as it is in the exclude list.
2026-03-10 23:34 - ml4cascades.lammps.process - INFO - Skipping trajectory 5 as it is in the exclude list.
2026-03-10 23:34 - ml4cascades.lammps.process - INFO - Skipping trajectory 6 as it is in the exclude list.
2026-03-10 23:34 - ml4cascades.lammps.process - INFO - Skipping trajectory 22 as it is in the exclude list.
2026-03-10 23:34 - ml4cascades.lammps.process - INFO - Skipping trajectory 26 as it is in the exclude list.
2026-03-10 23:34 - ml4cascades.lammps.process - INFO - Skipping trajectory 28 as it is in the exclude list.
2026-03-10 23:34 - ml4cascades.lammps.process - INFO - Skipping trajectory 32 as it is in the exclude list.
2026-03-10 23:34 - ml4cascades.lammps.process - INFO - Starting the 1th trajectory in folder 1...
2026-03-10 23:35 - ml4cascades.lammps.process - INFO - Starting the 2th trajectory in folder 2...
2026-03-10 23:36 - ml4cascades.lammps.process - INFO - Starting the 3th trajectory in folder 4...
2026-03-10 23:37 - ml4cascades.lammps.process - INFO - Starting the 4th trajectory in folder 7...
2026-03-10 23:39 - ml4cascades.lammps.process - INFO - Starting the 5th trajectory in folder 8...
2026-03-10 23:40 - ml4cascades.lammps.process - INFO - Starting the 6th trajectory in folder 9...
2026-03-10 23:41 - ml4cascades.lammps.process - INFO - Starting the 7th trajectory in folder 10...
2026-03-10 23:42 - ml4cascades.lammps.process - INFO - Starting the 8th trajectory in folder 11...
2026-03-10 23:43 - ml4cascades.lammps.process - INFO - Starting the 9th trajectory in folder 12...
2026-03-10 23:44 - ml4cascades.lammps.process - INFO - Starting the 10th trajectory in folder 13...
2026-03-10 23:46 - ml4cascades.lammps.process - INFO - Starting the 11th trajectory in folder 14...
2026-03-10 23:47 - ml4cascades.lammps.process - INFO - Starting the 12th trajectory in folder 15...
2026-03-10 23:48 - ml4cascades.lammps.process - INFO - Starting the 13th trajectory in folder 16...
2026-03-10 23:49 - ml4cascades.lammps.process - INFO - Starting the 14th trajectory in folder 17...
2026-03-10 23:50 - ml4cascades.lammps.process - INFO - Starting the 15th trajectory in folder 18...
2026-03-10 23:51 - ml4cascades.lammps.process - INFO - Starting the 16th trajectory in folder 19...
2026-03-10 23:52 - ml4cascades.lammps.process - INFO - Starting the 17th trajectory in folder 20...
2026-03-10 23:53 - ml4cascades.lammps.process - INFO - Starting the 18th trajectory in folder 21...
2026-03-10 23:54 - ml4cascades.lammps.process - INFO - Starting the 19th trajectory in folder 23...
2026-03-10 23:55 - ml4cascades.lammps.process - INFO - Starting the 20th trajectory in folder 24...
2026-03-10 23:57 - ml4cascades.lammps.process - INFO - Starting the 21th trajectory in folder 25...
2026-03-10 23:58 - ml4cascades.lammps.process - INFO - Starting the 22th trajectory in folder 27...
2026-03-10 23:59 - ml4cascades.lammps.process - INFO - Starting the 23th trajectory in folder 29...
2026-03-11 00:00 - ml4cascades.lammps.process - INFO - Starting the 24th trajectory in folder 30...
2026-03-11 00:01 - ml4cascades.lammps.process - INFO - Starting the 25th trajectory in folder 31...
2026-03-11 00:02 - ml4cascades.lammps.process - INFO - Starting the 26th trajectory in folder 33...
2026-03-11 00:03 - ml4cascades.lammps.process - INFO - Starting the 27th trajectory in folder 34...
2026-03-11 00:04 - ml4cascades.lammps.process - INFO - Starting the 28th trajectory in folder 35...
2026-03-11 00:05 - ml4cascades.lammps.process - INFO - #------------ Defect analysis completed. ------------#

2026-03-11 00:21 - ml4cascades.lammps.process - INFO - #------------Defect analysis, PKA_kin_eng: 2000 eV------------#
2026-03-11 00:21 - ml4cascades.lammps.process - INFO - Skipping trajectory 6 as it is in the exclude list.
2026-03-11 00:21 - ml4cascades.lammps.process - INFO - Skipping trajectory 12 as it is in the exclude list.
2026-03-11 00:21 - ml4cascades.lammps.process - INFO - Skipping trajectory 26 as it is in the exclude list.
2026-03-11 00:21 - ml4cascades.lammps.process - INFO - Skipping trajectory 28 as it is in the exclude list.
2026-03-11 00:21 - ml4cascades.lammps.process - INFO - Starting the 1th trajectory in folder 1...
2026-03-11 00:22 - ml4cascades.lammps.process - INFO - Starting the 2th trajectory in folder 2...
2026-03-11 00:24 - ml4cascades.lammps.process - INFO - Starting the 3th trajectory in folder 3...
2026-03-11 00:25 - ml4cascades.lammps.process - INFO - Starting the 4th trajectory in folder 4...
2026-03-11 00:26 - ml4cascades.lammps.process - INFO - Starting the 5th trajectory in folder 5...
2026-03-11 00:27 - ml4cascades.lammps.process - INFO - Starting the 6th trajectory in folder 7...
2026-03-11 00:28 - ml4cascades.lammps.process - INFO - Starting the 7th trajectory in folder 8...
2026-03-11 00:29 - ml4cascades.lammps.process - INFO - Starting the 8th trajectory in folder 9...
2026-03-11 00:30 - ml4cascades.lammps.process - INFO - Starting the 9th trajectory in folder 10...
2026-03-11 00:31 - ml4cascades.lammps.process - INFO - Starting the 10th trajectory in folder 11...
2026-03-11 00:33 - ml4cascades.lammps.process - INFO - Starting the 11th trajectory in folder 13...
2026-03-11 00:34 - ml4cascades.lammps.process - INFO - Starting the 12th trajectory in folder 14...
2026-03-11 00:35 - ml4cascades.lammps.process - INFO - Starting the 13th trajectory in folder 15...
2026-03-11 00:36 - ml4cascades.lammps.process - INFO - Starting the 14th trajectory in folder 16...
2026-03-11 00:37 - ml4cascades.lammps.process - INFO - Starting the 15th trajectory in folder 17...
2026-03-11 00:38 - ml4cascades.lammps.process - INFO - Starting the 16th trajectory in folder 18...
2026-03-11 00:39 - ml4cascades.lammps.process - INFO - Starting the 17th trajectory in folder 19...
2026-03-11 00:40 - ml4cascades.lammps.process - INFO - Starting the 18th trajectory in folder 20...
2026-03-11 00:41 - ml4cascades.lammps.process - INFO - Starting the 19th trajectory in folder 21...
2026-03-11 00:42 - ml4cascades.lammps.process - INFO - Starting the 20th trajectory in folder 22...
2026-03-11 00:43 - ml4cascades.lammps.process - INFO - Starting the 21th trajectory in folder 23...
2026-03-11 00:45 - ml4cascades.lammps.process - INFO - Starting the 22th trajectory in folder 24...
2026-03-11 00:46 - ml4cascades.lammps.process - INFO - Starting the 23th trajectory in folder 25...
2026-03-11 00:47 - ml4cascades.lammps.process - INFO - Starting the 24th trajectory in folder 27...
2026-03-11 00:48 - ml4cascades.lammps.process - INFO - Starting the 25th trajectory in folder 29...
2026-03-11 00:49 - ml4cascades.lammps.process - INFO - Starting the 26th trajectory in folder 30...
2026-03-11 00:50 - ml4cascades.lammps.process - INFO - Starting the 27th trajectory in folder 31...
2026-03-11 00:51 - ml4cascades.lammps.process - INFO - Starting the 28th trajectory in folder 32...
2026-03-11 00:52 - ml4cascades.lammps.process - INFO - Starting the 29th trajectory in folder 33...
2026-03-11 00:53 - ml4cascades.lammps.process - INFO - Starting the 30th trajectory in folder 34...
2026-03-11 00:54 - ml4cascades.lammps.process - INFO - Starting the 31th trajectory in folder 35...
2026-03-11 00:56 - ml4cascades.lammps.process - INFO - #------------ Defect analysis completed. ------------#

2026-03-11 07:24 - ml4cascades.lammps.process - INFO - #------------Defect analysis, PKA_kin_eng: 2000 eV------------#
2026-03-11 07:24 - ml4cascades.lammps.process - INFO - Skipping trajectory 6 as it is in the exclude list.
2026-03-11 07:24 - ml4cascades.lammps.process - INFO - Skipping trajectory 12 as it is in the exclude list.
2026-03-11 07:24 - ml4cascades.lammps.process - INFO - Skipping trajectory 14 as it is in the exclude list.
2026-03-11 07:24 - ml4cascades.lammps.process - INFO - Skipping trajectory 22 as it is in the exclude list.
2026-03-11 07:24 - ml4cascades.lammps.process - INFO - Skipping trajectory 24 as it is in the exclude list.
2026-03-11 07:24 - ml4cascades.lammps.process - INFO - Skipping trajectory 28 as it is in the exclude list.
2026-03-11 07:24 - ml4cascades.lammps.process - INFO - Skipping trajectory 32 as it is in the exclude list.
2026-03-11 07:24 - ml4cascades.lammps.process - INFO - Starting the 1th trajectory in folder 1...
2026-03-11 07:25 - ml4cascades.lammps.process - INFO - Starting the 2th trajectory in folder 2...
2026-03-11 07:26 - ml4cascades.lammps.process - INFO - Starting the 3th trajectory in folder 3...
2026-03-11 07:28 - ml4cascades.lammps.process - INFO - Starting the 4th trajectory in folder 4...
2026-03-11 07:29 - ml4cascades.lammps.process - INFO - Starting the 5th trajectory in folder 5...
2026-03-11 07:30 - ml4cascades.lammps.process - INFO - Starting the 6th trajectory in folder 7...
2026-03-11 07:31 - ml4cascades.lammps.process - INFO - Starting the 7th trajectory in folder 8...
2026-03-11 07:32 - ml4cascades.lammps.process - INFO - Starting the 8th trajectory in folder 9...
2026-03-11 07:33 - ml4cascades.lammps.process - INFO - Starting the 9th trajectory in folder 10...
2026-03-11 07:34 - ml4cascades.lammps.process - INFO - Starting the 10th trajectory in folder 11...
2026-03-11 07:35 - ml4cascades.lammps.process - INFO - Starting the 11th trajectory in folder 13...
2026-03-11 07:36 - ml4cascades.lammps.process - INFO - Starting the 12th trajectory in folder 15...
2026-03-11 07:37 - ml4cascades.lammps.process - INFO - Starting the 13th trajectory in folder 16...
2026-03-11 07:39 - ml4cascades.lammps.process - INFO - Starting the 14th trajectory in folder 17...
2026-03-11 07:40 - ml4cascades.lammps.process - INFO - Starting the 15th trajectory in folder 18...
2026-03-11 07:41 - ml4cascades.lammps.process - INFO - Starting the 16th trajectory in folder 19...
2026-03-11 07:42 - ml4cascades.lammps.process - INFO - Starting the 17th trajectory in folder 20...
2026-03-11 07:43 - ml4cascades.lammps.process - INFO - Starting the 18th trajectory in folder 21...
2026-03-11 07:44 - ml4cascades.lammps.process - INFO - Starting the 19th trajectory in folder 23...
2026-03-11 07:45 - ml4cascades.lammps.process - INFO - Starting the 20th trajectory in folder 25...
2026-03-11 07:46 - ml4cascades.lammps.process - INFO - Starting the 21th trajectory in folder 26...
2026-03-11 07:47 - ml4cascades.lammps.process - INFO - Starting the 22th trajectory in folder 27...
2026-03-11 07:48 - ml4cascades.lammps.process - INFO - Starting the 23th trajectory in folder 29...
2026-03-11 07:49 - ml4cascades.lammps.process - INFO - Starting the 24th trajectory in folder 30...
2026-03-11 07:50 - ml4cascades.lammps.process - INFO - Starting the 25th trajectory in folder 31...
2026-03-11 07:52 - ml4cascades.lammps.process - INFO - Starting the 26th trajectory in folder 33...
2026-03-11 07:53 - ml4cascades.lammps.process - INFO - Starting the 27th trajectory in folder 34...
2026-03-11 07:54 - ml4cascades.lammps.process - INFO - Starting the 28th trajectory in folder 35...
2026-03-11 07:55 - ml4cascades.lammps.process - INFO - #------------ Defect analysis completed. ------------#

2026-03-11 08:04 - ml4cascades.lammps.process - INFO - #------------Defect analysis, PKA_kin_eng: 2000 eV------------#
2026-03-11 08:04 - ml4cascades.lammps.process - INFO - Skipping trajectory 3 as it is in the exclude list.
2026-03-11 08:04 - ml4cascades.lammps.process - INFO - Skipping trajectory 6 as it is in the exclude list.
2026-03-11 08:04 - ml4cascades.lammps.process - INFO - Skipping trajectory 24 as it is in the exclude list.
2026-03-11 08:04 - ml4cascades.lammps.process - INFO - Skipping trajectory 26 as it is in the exclude list.
2026-03-11 08:04 - ml4cascades.lammps.process - INFO - Skipping trajectory 28 as it is in the exclude list.
2026-03-11 08:04 - ml4cascades.lammps.process - INFO - Skipping trajectory 30 as it is in the exclude list.
2026-03-11 08:04 - ml4cascades.lammps.process - INFO - Starting the 1th trajectory in folder 1...
2026-03-11 08:05 - ml4cascades.lammps.process - INFO - Starting the 2th trajectory in folder 2...
2026-03-11 08:06 - ml4cascades.lammps.process - INFO - Starting the 3th trajectory in folder 4...
2026-03-11 08:07 - ml4cascades.lammps.process - INFO - Starting the 4th trajectory in folder 5...
2026-03-11 08:08 - ml4cascades.lammps.process - INFO - Starting the 5th trajectory in folder 7...
2026-03-11 08:09 - ml4cascades.lammps.process - INFO - Starting the 6th trajectory in folder 8...
2026-03-11 08:10 - ml4cascades.lammps.process - INFO - Starting the 7th trajectory in folder 9...
2026-03-11 08:11 - ml4cascades.lammps.process - INFO - Starting the 8th trajectory in folder 10...
2026-03-11 08:12 - ml4cascades.lammps.process - INFO - Starting the 9th trajectory in folder 11...
2026-03-11 08:13 - ml4cascades.lammps.process - INFO - Starting the 10th trajectory in folder 12...
2026-03-11 08:15 - ml4cascades.lammps.process - INFO - Starting the 11th trajectory in folder 13...
2026-03-11 08:16 - ml4cascades.lammps.process - INFO - Starting the 12th trajectory in folder 14...
2026-03-11 08:17 - ml4cascades.lammps.process - INFO - Starting the 13th trajectory in folder 15...
2026-03-11 08:18 - ml4cascades.lammps.process - INFO - Starting the 14th trajectory in folder 16...
2026-03-11 08:19 - ml4cascades.lammps.process - INFO - Starting the 15th trajectory in folder 17...
2026-03-11 08:20 - ml4cascades.lammps.process - INFO - Starting the 16th trajectory in folder 18...
2026-03-11 08:21 - ml4cascades.lammps.process - INFO - Starting the 17th trajectory in folder 19...
2026-03-11 08:22 - ml4cascades.lammps.process - INFO - Starting the 18th trajectory in folder 20...
2026-03-11 08:23 - ml4cascades.lammps.process - INFO - Starting the 19th trajectory in folder 21...
2026-03-11 08:24 - ml4cascades.lammps.process - INFO - Starting the 20th trajectory in folder 22...
2026-03-11 08:26 - ml4cascades.lammps.process - INFO - Starting the 21th trajectory in folder 23...
2026-03-11 08:27 - ml4cascades.lammps.process - INFO - Starting the 22th trajectory in folder 25...
2026-03-11 08:28 - ml4cascades.lammps.process - INFO - Starting the 23th trajectory in folder 27...
2026-03-11 08:29 - ml4cascades.lammps.process - INFO - Starting the 24th trajectory in folder 29...
2026-03-11 08:30 - ml4cascades.lammps.process - INFO - Starting the 25th trajectory in folder 31...
2026-03-11 08:31 - ml4cascades.lammps.process - INFO - Starting the 26th trajectory in folder 32...
2026-03-11 08:32 - ml4cascades.lammps.process - INFO - Starting the 27th trajectory in folder 33...
2026-03-11 08:34 - ml4cascades.lammps.process - INFO - Starting the 28th trajectory in folder 34...
2026-03-11 08:35 - ml4cascades.lammps.process - INFO - Starting the 29th trajectory in folder 35...
2026-03-11 08:36 - ml4cascades.lammps.process - INFO - #------------ Defect analysis completed. ------------#

2026-03-11 08:42 - ml4cascades.lammps.process - INFO - #------------Liquid atom analysis, PKA_kin_eng: 2000 eV------------#
2026-03-11 08:42 - ml4cascades.lammps.process - INFO - Skipping trajectory 3 as it is in the exclude list.
2026-03-11 08:42 - ml4cascades.lammps.process - INFO - Skipping trajectory 6 as it is in the exclude list.
2026-03-11 08:42 - ml4cascades.lammps.process - INFO - Skipping trajectory 24 as it is in the exclude list.
2026-03-11 08:42 - ml4cascades.lammps.process - INFO - Skipping trajectory 26 as it is in the exclude list.
2026-03-11 08:42 - ml4cascades.lammps.process - INFO - Skipping trajectory 28 as it is in the exclude list.
2026-03-11 08:42 - ml4cascades.lammps.process - INFO - Skipping trajectory 30 as it is in the exclude list.
2026-03-11 08:42 - ml4cascades.lammps.process - INFO - Starting the 1th trajectory in folder 1...
2026-03-11 08:42 - ml4cascades.lammps.process - INFO - Starting the 2th trajectory in folder 2...
2026-03-11 08:43 - ml4cascades.lammps.process - INFO - Starting the 3th trajectory in folder 4...
2026-03-11 08:43 - ml4cascades.lammps.process - INFO - Starting the 4th trajectory in folder 5...
2026-03-11 08:43 - ml4cascades.lammps.process - INFO - Starting the 5th trajectory in folder 7...
2026-03-11 08:44 - ml4cascades.lammps.process - INFO - Starting the 6th trajectory in folder 8...
2026-03-11 08:44 - ml4cascades.lammps.process - INFO - Starting the 7th trajectory in folder 9...
2026-03-11 08:44 - ml4cascades.lammps.process - INFO - Starting the 8th trajectory in folder 10...
2026-03-11 08:44 - ml4cascades.lammps.process - INFO - Starting the 9th trajectory in folder 11...
2026-03-11 08:45 - ml4cascades.lammps.process - INFO - Starting the 10th trajectory in folder 12...
2026-03-11 08:45 - ml4cascades.lammps.process - INFO - Starting the 11th trajectory in folder 13...
2026-03-11 08:45 - ml4cascades.lammps.process - INFO - Starting the 12th trajectory in folder 14...
2026-03-11 08:45 - ml4cascades.lammps.process - INFO - Starting the 13th trajectory in folder 15...
2026-03-11 08:46 - ml4cascades.lammps.process - INFO - Starting the 14th trajectory in folder 16...
2026-03-11 08:46 - ml4cascades.lammps.process - INFO - Starting the 15th trajectory in folder 17...
2026-03-11 08:46 - ml4cascades.lammps.process - INFO - Starting the 16th trajectory in folder 18...
2026-03-11 08:46 - ml4cascades.lammps.process - INFO - Starting the 17th trajectory in folder 19...
2026-03-11 08:47 - ml4cascades.lammps.process - INFO - Starting the 18th trajectory in folder 20...
2026-03-11 08:47 - ml4cascades.lammps.process - INFO - Starting the 19th trajectory in folder 21...
2026-03-11 08:47 - ml4cascades.lammps.process - INFO - Starting the 20th trajectory in folder 22...
2026-03-11 08:47 - ml4cascades.lammps.process - INFO - Starting the 21th trajectory in folder 23...
2026-03-11 08:48 - ml4cascades.lammps.process - INFO - Starting the 22th trajectory in folder 25...
2026-03-11 08:48 - ml4cascades.lammps.process - INFO - Starting the 23th trajectory in folder 27...
2026-03-11 08:48 - ml4cascades.lammps.process - INFO - Starting the 24th trajectory in folder 29...
2026-03-11 08:49 - ml4cascades.lammps.process - INFO - Starting the 25th trajectory in folder 31...
2026-03-11 08:49 - ml4cascades.lammps.process - INFO - Starting the 26th trajectory in folder 32...
2026-03-11 08:49 - ml4cascades.lammps.process - INFO - Starting the 27th trajectory in folder 33...
2026-03-11 08:49 - ml4cascades.lammps.process - INFO - Starting the 28th trajectory in folder 34...
2026-03-11 08:50 - ml4cascades.lammps.process - INFO - Starting the 29th trajectory in folder 35...
2026-03-11 08:50 - ml4cascades.lammps.process - INFO - #------------ Liquid atom analysis completed. ------------#

2026-03-11 08:55 - ml4cascades.lammps.process - INFO - #------------Liquid atom analysis, PKA_kin_eng: 2000 eV------------#
2026-03-11 08:55 - ml4cascades.lammps.process - INFO - Skipping trajectory 6 as it is in the exclude list.
2026-03-11 08:55 - ml4cascades.lammps.process - INFO - Skipping trajectory 12 as it is in the exclude list.
2026-03-11 08:55 - ml4cascades.lammps.process - INFO - Skipping trajectory 14 as it is in the exclude list.
2026-03-11 08:55 - ml4cascades.lammps.process - INFO - Skipping trajectory 22 as it is in the exclude list.
2026-03-11 08:55 - ml4cascades.lammps.process - INFO - Skipping trajectory 24 as it is in the exclude list.
2026-03-11 08:55 - ml4cascades.lammps.process - INFO - Skipping trajectory 28 as it is in the exclude list.
2026-03-11 08:55 - ml4cascades.lammps.process - INFO - Skipping trajectory 32 as it is in the exclude list.
2026-03-11 08:55 - ml4cascades.lammps.process - INFO - Starting the 1th trajectory in folder 1...
2026-03-11 08:55 - ml4cascades.lammps.process - INFO - Starting the 2th trajectory in folder 2...
2026-03-11 08:55 - ml4cascades.lammps.process - INFO - Starting the 3th trajectory in folder 3...
2026-03-11 08:55 - ml4cascades.lammps.process - INFO - Starting the 4th trajectory in folder 4...
2026-03-11 08:56 - ml4cascades.lammps.process - INFO - Starting the 5th trajectory in folder 5...
2026-03-11 08:56 - ml4cascades.lammps.process - INFO - Starting the 6th trajectory in folder 7...
2026-03-11 08:56 - ml4cascades.lammps.process - INFO - Starting the 7th trajectory in folder 8...
2026-03-11 08:57 - ml4cascades.lammps.process - INFO - Starting the 8th trajectory in folder 9...
2026-03-11 08:57 - ml4cascades.lammps.process - INFO - Starting the 9th trajectory in folder 10...
2026-03-11 08:57 - ml4cascades.lammps.process - INFO - Starting the 10th trajectory in folder 11...
2026-03-11 08:57 - ml4cascades.lammps.process - INFO - Starting the 11th trajectory in folder 13...
2026-03-11 08:58 - ml4cascades.lammps.process - INFO - Starting the 12th trajectory in folder 15...
2026-03-11 08:58 - ml4cascades.lammps.process - INFO - Starting the 13th trajectory in folder 16...
2026-03-11 08:58 - ml4cascades.lammps.process - INFO - Starting the 14th trajectory in folder 17...
2026-03-11 08:58 - ml4cascades.lammps.process - INFO - Starting the 15th trajectory in folder 18...
2026-03-11 08:59 - ml4cascades.lammps.process - INFO - Starting the 16th trajectory in folder 19...
2026-03-11 08:59 - ml4cascades.lammps.process - INFO - Starting the 17th trajectory in folder 20...
2026-03-11 08:59 - ml4cascades.lammps.process - INFO - Starting the 18th trajectory in folder 21...
2026-03-11 09:00 - ml4cascades.lammps.process - INFO - Starting the 19th trajectory in folder 23...
2026-03-11 09:00 - ml4cascades.lammps.process - INFO - Starting the 20th trajectory in folder 25...
2026-03-11 09:00 - ml4cascades.lammps.process - INFO - Starting the 21th trajectory in folder 26...
2026-03-11 09:00 - ml4cascades.lammps.process - INFO - Starting the 22th trajectory in folder 27...
2026-03-11 09:01 - ml4cascades.lammps.process - INFO - Starting the 23th trajectory in folder 29...
2026-03-11 09:01 - ml4cascades.lammps.process - INFO - Starting the 24th trajectory in folder 30...
2026-03-11 09:01 - ml4cascades.lammps.process - INFO - Starting the 25th trajectory in folder 31...
2026-03-11 09:02 - ml4cascades.lammps.process - INFO - Starting the 26th trajectory in folder 33...
2026-03-11 09:02 - ml4cascades.lammps.process - INFO - Starting the 27th trajectory in folder 34...
2026-03-11 09:02 - ml4cascades.lammps.process - INFO - Starting the 28th trajectory in folder 35...
2026-03-11 09:02 - ml4cascades.lammps.process - INFO - #------------ Liquid atom analysis completed. ------------#

2026-03-11 09:06 - ml4cascades.lammps.process - INFO - #------------Liquid atom analysis, PKA_kin_eng: 2000 eV------------#
2026-03-11 09:06 - ml4cascades.lammps.process - INFO - Skipping trajectory 6 as it is in the exclude list.
2026-03-11 09:06 - ml4cascades.lammps.process - INFO - Skipping trajectory 12 as it is in the exclude list.
2026-03-11 09:06 - ml4cascades.lammps.process - INFO - Skipping trajectory 26 as it is in the exclude list.
2026-03-11 09:06 - ml4cascades.lammps.process - INFO - Skipping trajectory 28 as it is in the exclude list.
2026-03-11 09:06 - ml4cascades.lammps.process - INFO - Starting the 1th trajectory in folder 1...
2026-03-11 09:06 - ml4cascades.lammps.process - INFO - Starting the 2th trajectory in folder 2...
2026-03-11 09:06 - ml4cascades.lammps.process - INFO - Starting the 3th trajectory in folder 3...
2026-03-11 09:07 - ml4cascades.lammps.process - INFO - Starting the 4th trajectory in folder 4...
2026-03-11 09:07 - ml4cascades.lammps.process - INFO - Starting the 5th trajectory in folder 5...
2026-03-11 09:07 - ml4cascades.lammps.process - INFO - Starting the 6th trajectory in folder 7...
2026-03-11 09:07 - ml4cascades.lammps.process - INFO - Starting the 7th trajectory in folder 8...
2026-03-11 09:08 - ml4cascades.lammps.process - INFO - Starting the 8th trajectory in folder 9...
2026-03-11 09:08 - ml4cascades.lammps.process - INFO - Starting the 9th trajectory in folder 10...
2026-03-11 09:08 - ml4cascades.lammps.process - INFO - Starting the 10th trajectory in folder 11...
2026-03-11 09:09 - ml4cascades.lammps.process - INFO - Starting the 11th trajectory in folder 13...
2026-03-11 09:09 - ml4cascades.lammps.process - INFO - Starting the 12th trajectory in folder 14...
2026-03-11 09:09 - ml4cascades.lammps.process - INFO - Starting the 13th trajectory in folder 15...
2026-03-11 09:09 - ml4cascades.lammps.process - INFO - Starting the 14th trajectory in folder 16...
2026-03-11 09:10 - ml4cascades.lammps.process - INFO - Starting the 15th trajectory in folder 17...
2026-03-11 09:10 - ml4cascades.lammps.process - INFO - Starting the 16th trajectory in folder 18...
2026-03-11 09:10 - ml4cascades.lammps.process - INFO - Starting the 17th trajectory in folder 19...
2026-03-11 09:10 - ml4cascades.lammps.process - INFO - Starting the 18th trajectory in folder 20...
2026-03-11 09:11 - ml4cascades.lammps.process - INFO - Starting the 19th trajectory in folder 21...
2026-03-11 09:11 - ml4cascades.lammps.process - INFO - Starting the 20th trajectory in folder 22...
2026-03-11 09:11 - ml4cascades.lammps.process - INFO - Starting the 21th trajectory in folder 23...
2026-03-11 09:11 - ml4cascades.lammps.process - INFO - Starting the 22th trajectory in folder 24...
2026-03-11 09:12 - ml4cascades.lammps.process - INFO - Starting the 23th trajectory in folder 25...
2026-03-11 09:12 - ml4cascades.lammps.process - INFO - Starting the 24th trajectory in folder 27...
2026-03-11 09:12 - ml4cascades.lammps.process - INFO - Starting the 25th trajectory in folder 29...
2026-03-11 09:13 - ml4cascades.lammps.process - INFO - Starting the 26th trajectory in folder 30...
2026-03-11 09:13 - ml4cascades.lammps.process - INFO - Starting the 27th trajectory in folder 31...
2026-03-11 09:13 - ml4cascades.lammps.process - INFO - Starting the 28th trajectory in folder 32...
2026-03-11 09:13 - ml4cascades.lammps.process - INFO - Starting the 29th trajectory in folder 33...
2026-03-11 09:14 - ml4cascades.lammps.process - INFO - Starting the 30th trajectory in folder 34...
2026-03-11 09:14 - ml4cascades.lammps.process - INFO - Starting the 31th trajectory in folder 35...
2026-03-11 09:14 - ml4cascades.lammps.process - INFO - #------------ Liquid atom analysis completed. ------------#

2026-03-11 09:19 - ml4cascades.lammps.process - INFO - #------------Liquid atom analysis, PKA_kin_eng: 2000 eV------------#
2026-03-11 09:19 - ml4cascades.lammps.process - INFO - Skipping trajectory 3 as it is in the exclude list.
2026-03-11 09:19 - ml4cascades.lammps.process - INFO - Skipping trajectory 5 as it is in the exclude list.
2026-03-11 09:19 - ml4cascades.lammps.process - INFO - Skipping trajectory 6 as it is in the exclude list.
2026-03-11 09:19 - ml4cascades.lammps.process - INFO - Skipping trajectory 22 as it is in the exclude list.
2026-03-11 09:19 - ml4cascades.lammps.process - INFO - Skipping trajectory 28 as it is in the exclude list.
2026-03-11 09:19 - ml4cascades.lammps.process - INFO - Skipping trajectory 32 as it is in the exclude list.
2026-03-11 09:19 - ml4cascades.lammps.process - INFO - Starting the 1th trajectory in folder 1...
2026-03-11 09:19 - ml4cascades.lammps.process - INFO - Starting the 2th trajectory in folder 2...
2026-03-11 09:19 - ml4cascades.lammps.process - INFO - Starting the 3th trajectory in folder 4...
2026-03-11 09:20 - ml4cascades.lammps.process - INFO - Starting the 4th trajectory in folder 7...
2026-03-11 09:20 - ml4cascades.lammps.process - INFO - Starting the 5th trajectory in folder 8...
2026-03-11 09:20 - ml4cascades.lammps.process - INFO - Starting the 6th trajectory in folder 9...
2026-03-11 09:21 - ml4cascades.lammps.process - INFO - Starting the 7th trajectory in folder 10...
2026-03-11 09:21 - ml4cascades.lammps.process - INFO - Starting the 8th trajectory in folder 11...
2026-03-11 09:21 - ml4cascades.lammps.process - INFO - Starting the 9th trajectory in folder 12...
2026-03-11 09:21 - ml4cascades.lammps.process - INFO - Starting the 10th trajectory in folder 13...
2026-03-11 09:22 - ml4cascades.lammps.process - INFO - Starting the 11th trajectory in folder 14...
2026-03-11 09:22 - ml4cascades.lammps.process - INFO - Starting the 12th trajectory in folder 15...
2026-03-11 09:22 - ml4cascades.lammps.process - INFO - Starting the 13th trajectory in folder 16...
2026-03-11 09:22 - ml4cascades.lammps.process - INFO - Starting the 14th trajectory in folder 17...
2026-03-11 09:23 - ml4cascades.lammps.process - INFO - Starting the 15th trajectory in folder 18...
2026-03-11 09:23 - ml4cascades.lammps.process - INFO - Starting the 16th trajectory in folder 19...
2026-03-11 09:23 - ml4cascades.lammps.process - INFO - Starting the 17th trajectory in folder 20...
2026-03-11 09:24 - ml4cascades.lammps.process - INFO - Starting the 18th trajectory in folder 21...
2026-03-11 09:24 - ml4cascades.lammps.process - INFO - Starting the 19th trajectory in folder 23...
2026-03-11 09:24 - ml4cascades.lammps.process - INFO - Starting the 20th trajectory in folder 24...
2026-03-11 09:24 - ml4cascades.lammps.process - INFO - Starting the 21th trajectory in folder 25...
2026-03-11 09:25 - ml4cascades.lammps.process - INFO - Starting the 22th trajectory in folder 26...
2026-03-11 09:25 - ml4cascades.lammps.process - INFO - Starting the 23th trajectory in folder 27...
2026-03-11 09:25 - ml4cascades.lammps.process - INFO - Starting the 24th trajectory in folder 29...
2026-03-11 09:26 - ml4cascades.lammps.process - INFO - Starting the 25th trajectory in folder 30...
2026-03-11 09:26 - ml4cascades.lammps.process - INFO - Starting the 26th trajectory in folder 31...
2026-03-11 09:26 - ml4cascades.lammps.process - INFO - Starting the 27th trajectory in folder 33...
2026-03-11 09:27 - ml4cascades.lammps.process - INFO - Starting the 28th trajectory in folder 34...
2026-03-11 09:27 - ml4cascades.lammps.process - INFO - Starting the 29th trajectory in folder 35...
2026-03-11 09:27 - ml4cascades.lammps.process - INFO - #------------ Liquid atom analysis completed. ------------#

2026-03-11 09:29 - ml4cascades.lammps.process - INFO - #------------Liquid atom analysis, PKA_kin_eng: 2000 eV------------#
2026-03-11 09:29 - ml4cascades.lammps.process - INFO - Skipping trajectory 5 as it is in the exclude list.
2026-03-11 09:29 - ml4cascades.lammps.process - INFO - Skipping trajectory 6 as it is in the exclude list.
2026-03-11 09:29 - ml4cascades.lammps.process - INFO - Skipping trajectory 13 as it is in the exclude list.
2026-03-11 09:29 - ml4cascades.lammps.process - INFO - Skipping trajectory 22 as it is in the exclude list.
2026-03-11 09:29 - ml4cascades.lammps.process - INFO - Skipping trajectory 24 as it is in the exclude list.
2026-03-11 09:29 - ml4cascades.lammps.process - INFO - Skipping trajectory 26 as it is in the exclude list.
2026-03-11 09:29 - ml4cascades.lammps.process - INFO - Skipping trajectory 28 as it is in the exclude list.
2026-03-11 09:29 - ml4cascades.lammps.process - INFO - Starting the 1th trajectory in folder 1...
2026-03-11 09:29 - ml4cascades.lammps.process - INFO - Starting the 2th trajectory in folder 2...
2026-03-11 09:30 - ml4cascades.lammps.process - INFO - Starting the 3th trajectory in folder 3...
2026-03-11 09:30 - ml4cascades.lammps.process - INFO - Starting the 4th trajectory in folder 4...
2026-03-11 09:30 - ml4cascades.lammps.process - INFO - Starting the 5th trajectory in folder 7...
2026-03-11 09:31 - ml4cascades.lammps.process - INFO - Starting the 6th trajectory in folder 8...
2026-03-11 09:31 - ml4cascades.lammps.process - INFO - Starting the 7th trajectory in folder 9...
2026-03-11 09:31 - ml4cascades.lammps.process - INFO - Starting the 8th trajectory in folder 10...
2026-03-11 09:31 - ml4cascades.lammps.process - INFO - Starting the 9th trajectory in folder 11...
2026-03-11 09:32 - ml4cascades.lammps.process - INFO - Starting the 10th trajectory in folder 12...
2026-03-11 09:32 - ml4cascades.lammps.process - INFO - Starting the 11th trajectory in folder 14...
2026-03-11 09:32 - ml4cascades.lammps.process - INFO - Starting the 12th trajectory in folder 15...
2026-03-11 09:33 - ml4cascades.lammps.process - INFO - Starting the 13th trajectory in folder 16...
2026-03-11 09:33 - ml4cascades.lammps.process - INFO - Starting the 14th trajectory in folder 17...
2026-03-11 09:33 - ml4cascades.lammps.process - INFO - Starting the 15th trajectory in folder 18...
2026-03-11 09:33 - ml4cascades.lammps.process - INFO - Starting the 16th trajectory in folder 19...
2026-03-11 09:34 - ml4cascades.lammps.process - INFO - Starting the 17th trajectory in folder 20...
2026-03-11 09:34 - ml4cascades.lammps.process - INFO - Starting the 18th trajectory in folder 21...
2026-03-11 09:34 - ml4cascades.lammps.process - INFO - Starting the 19th trajectory in folder 23...
2026-03-11 09:35 - ml4cascades.lammps.process - INFO - Starting the 20th trajectory in folder 25...
2026-03-11 09:35 - ml4cascades.lammps.process - INFO - Starting the 21th trajectory in folder 27...
2026-03-11 09:35 - ml4cascades.lammps.process - INFO - Starting the 22th trajectory in folder 29...
2026-03-11 09:35 - ml4cascades.lammps.process - INFO - Starting the 23th trajectory in folder 30...
2026-03-11 09:36 - ml4cascades.lammps.process - INFO - Starting the 24th trajectory in folder 31...
2026-03-11 09:36 - ml4cascades.lammps.process - INFO - Starting the 25th trajectory in folder 32...
2026-03-11 09:36 - ml4cascades.lammps.process - INFO - Starting the 26th trajectory in folder 33...
2026-03-11 09:36 - ml4cascades.lammps.process - INFO - Starting the 27th trajectory in folder 34...
2026-03-11 09:37 - ml4cascades.lammps.process - INFO - Starting the 28th trajectory in folder 35...
2026-03-11 09:37 - ml4cascades.lammps.process - INFO - #------------ Liquid atom analysis completed. ------------#

